PURCHASEORDERID,HISTORY.CREATEDBY.EMPLOYEEID,HISTORY.CREATEDAT,HISTORY.CHANGEDBY.EMPLOYEEID,HISTORY.CHANGEDAT,NOTEID,PARTNER.PARTNERID,CURRENCY,GROSSAMOUNT,NETAMOUNT,TAXAMOUNT,LIFECYCLESTATUS,APPROVALSTATUS,CONFIRMSTATUS,ORDERINGSTATUS,INVOICINGSTATUS
300000000,20,2015-01-01,17,2015-01-01,9000000001,100000000,EUR,13224.47,11113,2111.47,N,I,I,I,I
300000001,18,2015-01-02,1,2015-01-02,9000000001,100000002,EUR,12493.73,10498.94,1994.79,N,I,I,I,I
300000002,26,2015-01-03,20,2015-01-03,9000000001,100000005,EUR,11666.69,9803.94,1862.75,C,A,S,I,D
300000003,15,2015-01-04,14,2015-01-04,9000000001,100000006,EUR,16561.23,13917,2644.23,P,I,C,I,I
300000004,11,2015-01-05,25,2015-01-05,9000000001,100000006,EUR,12515.23,10517,1998.23,X,R,X,I,I
300000005,15,2015-01-06,22,2015-01-06,,100000008,EUR,8368.08,7032,1336.08,C,A,S,I,D
300000006,6,2015-01-07,17,2015-01-07,,100000003,EUR,6146.19,5164.87,981.32,P,I,S,I,I
300000007,33,2015-01-08,23,2015-01-08,,100000004,EUR,5720.31,4806.98,913.33,R,R,X,I,I
300000008,6,2015-01-09,12,2015-01-09,,100000009,EUR,4444.17,3734.6,709.57,C,A,S,I,D
300000009,16,2015-01-10,28,2015-01-10,,100000000,EUR,3453.38,2902,551.38,P,I,C,I,I
300000010,15,2015-01-11,6,2015-01-11,,100000002,EUR,8150.94,6849.53,1301.41,N,I,I,I,I
300000011,24,2015-01-12,23,2015-01-12,,100000004,EUR,3040.41,2554.97,485.44,C,A,S,I,D
300000012,33,2015-01-13,8,2015-01-13,,100000005,EUR,18986.39,15954.94,3031.45,P,I,S,I,I
300000013,1,2015-01-14,4,2015-01-14,,100000006,EUR,23408.49,19671,3737.49,P,A,S,I,I
300000014,25,2015-01-15,22,2015-01-15,,100000006,EUR,12515.23,10517,1998.23,R,R,X,I,I
300000015,5,2015-01-16,12,2015-01-16,,100000008,EUR,9971.01,8379,1592.01,C,A,S,I,D
300000016,30,2015-01-17,20,2015-01-17,,100000004,EUR,1829.01,1536.98,292.03,N,I,I,I,I
300000017,29,2015-01-18,21,2015-01-18,,100000005,EUR,5055.11,4247.99,807.12,C,A,S,I,D
300000018,9,2015-01-19,4,2015-01-19,,100000002,EUR,2510.26,2109.47,400.79,C,A,S,I,D
300000019,33,2015-01-20,5,2015-01-20,,100000009,EUR,3974.12,3339.6,634.52,P,A,C,I,I
300000020,8,2015-01-21,29,2015-01-21,,100000000,EUR,10329.2,8680,1649.2,C,A,S,I,D
300000021,32,2015-01-22,19,2015-01-22,,100000002,EUR,2153.64,1809.78,343.86,X,R,X,I,I
300000022,29,2015-01-23,25,2015-01-23,,100000006,EUR,14276.43,11997,2279.43,P,I,C,I,I
300000023,12,2015-01-24,3,2015-01-24,,100000008,EUR,3592.61,3019,573.61,P,I,C,I,I
300000024,2,2015-01-25,10,2015-01-25,,100000005,EUR,14640.47,12302.92,2337.55,R,R,X,I,I
300000025,5,2015-01-26,28,2015-01-26,,100000003,EUR,16748.33,14074.23,2674.1,C,A,S,I,D
300000026,13,2015-01-27,32,2015-01-27,,100000003,EUR,13053.03,10968.94,2084.09,N,I,I,I,I
300000027,14,2015-01-28,25,2015-01-28,,100000003,EUR,8555.55,7189.54,1366.01,X,R,X,I,I
300000028,21,2015-01-29,15,2015-01-29,,100000008,EUR,4977.77,4183,794.77,N,I,I,I,I
300000029,33,2015-01-30,20,2015-01-30,,100000004,EUR,3180.85,2672.98,507.87,C,A,S,I,D
300000030,20,2015-01-31,22,2015-01-31,,100000006,EUR,25366.04,21316,4050.04,X,R,X,I,I
300000031,28,2015-02-01,20,2015-02-01,,100000004,EUR,3470,2915.97,554.03,N,I,I,I,I
300000032,22,2015-02-02,22,2015-02-02,,100000006,EUR,23589.37,19823,3766.37,C,A,S,I,D
300000033,19,2015-02-03,33,2015-02-03,,100000009,EUR,4444.17,3734.6,709.57,X,R,X,I,I
300000034,30,2015-02-04,13,2015-02-04,,100000000,EUR,3453.38,2902,551.38,C,A,S,I,D
300000035,13,2015-02-05,16,2015-02-05,,100000002,EUR,8150.94,6849.53,1301.41,X,R,X,I,I
300000036,2,2015-02-06,25,2015-02-06,,100000003,EUR,4372.85,3674.67,698.18,R,R,X,I,I
300000037,26,2015-02-07,27,2015-02-07,,100000005,EUR,18986.39,15954.94,3031.45,P,I,S,I,I
300000038,2,2015-02-08,25,2015-02-08,,100000006,EUR,23408.49,19671,3737.49,N,I,I,I,I
300000039,9,2015-02-09,13,2015-02-09,,100000006,EUR,12515.23,10517,1998.23,R,R,X,I,I
300000040,10,2015-02-10,12,2015-02-10,,100000008,EUR,9971.01,8379,1592.01,P,I,C,I,I
300000041,24,2015-02-11,10,2015-02-11,,100000004,EUR,1829.01,1536.98,292.03,R,R,X,I,I
300000042,21,2015-02-12,6,2015-02-12,,100000002,EUR,3772.29,3169.99,602.3,R,R,X,I,I
300000043,30,2015-02-13,30,2015-02-13,,100000005,EUR,3729.42,3133.97,595.45,X,R,X,I,I
300000044,8,2015-02-14,32,2015-02-14,,100000009,EUR,4878.64,4099.7,778.94,N,I,I,I,I
300000045,33,2015-02-15,15,2015-02-15,,100000000,EUR,9222.5,7750,1472.5,X,R,X,I,I
300000046,2,2015-02-16,12,2015-02-16,,100000002,EUR,3986.25,3349.79,636.46,X,R,X,I,I
300000047,9,2015-02-17,3,2015-02-17,,100000008,EUR,3334.38,2802,532.38,R,R,X,I,I
300000048,29,2015-02-18,18,2015-02-18,,100000006,EUR,15898.4,13360,2538.4,X,R,X,I,I
300000049,33,2015-02-19,25,2015-02-19,,100000005,EUR,14320.39,12033.94,2286.45,P,A,C,I,I
300000050,10,2015-02-20,20,2015-02-20,,100000026,EUR,19189.94,16126,3063.94,P,I,C,I,I
300000051,25,2015-02-21,19,2015-02-21,,100000025,EUR,327367.81,275099,52268.81,C,A,S,I,D
300000052,12,2015-02-22,21,2015-02-22,,100000022,EUR,21399.77,17983,3416.77,C,A,S,I,D
300000053,33,2015-02-23,3,2015-02-23,,100000024,EUR,72391.27,60833,11558.27,X,R,X,I,I
300000054,28,2015-02-24,16,2015-02-24,,100000024,EUR,125233.22,105238,19995.22,R,R,X,I,I
300000055,11,2015-02-25,6,2015-02-25,,100000021,EUR,11030.11,9269,1761.11,X,R,X,I,I
300000056,11,2015-02-26,20,2015-02-26,,100000023,EUR,35817.81,30099,5718.81,X,R,X,I,I
300000057,24,2015-02-27,6,2015-02-27,,100000019,EUR,5488.28,4612,876.28,C,A,S,I,D
300000058,30,2015-02-28,33,2015-02-28,,100000026,EUR,12195.12,10248,1947.12,N,I,I,I,I
300000059,22,2015-02-28,25,2015-02-28,,100000026,EUR,3505.74,2946,559.74,C,A,S,I,D
300000060,23,2015-03-01,28,2015-03-01,,100000025,EUR,297553.55,250045,47508.55,P,I,C,I,I
300000061,28,2015-03-02,26,2015-03-02,,100000019,EUR,2898.84,2436,462.84,N,I,I,I,I
300000062,29,2015-03-03,30,2015-03-03,,100000022,EUR,27716.29,23291,4425.29,N,I,I,I,I
300000063,15,2015-03-04,22,2015-03-04,,100000024,EUR,143791.27,120833,22958.27,P,A,S,I,I
300000064,22,2015-03-05,17,2015-03-05,,100000024,EUR,107524.83,90357,17167.83,P,A,C,I,I
300000065,27,2015-03-06,1,2015-03-06,,100000021,EUR,14147.91,11889,2258.91,X,R,X,I,I
300000066,30,2015-03-07,28,2015-03-07,,100000019,EUR,1652.91,1389,263.91,N,I,I,I,I
300000067,1,2015-03-08,17,2015-03-08,,100000022,EUR,5911.92,4968,943.92,N,I,I,I,I
300000068,23,2015-03-09,33,2015-03-09,,100000025,EUR,148792.84,125036,23756.84,N,I,I,I,I
300000069,30,2015-03-10,24,2015-03-10,,100000026,EUR,5283.6,4440,843.6,N,I,I,I,I
300000070,5,2015-03-11,31,2015-03-11,,100000026,EUR,13964.65,11735,2229.65,N,I,I,I,I
300000071,17,2015-03-12,26,2015-03-12,,100000025,EUR,119010.71,100009,19001.71,X,R,X,I,I
300000072,33,2015-03-13,8,2015-03-13,,100000024,EUR,53974.83,45357,8617.83,N,I,I,I,I
300000073,7,2015-03-14,8,2015-03-14,,100000021,EUR,7676.69,6451,1225.69,X,R,X,I,I
300000074,20,2015-03-15,12,2015-03-15,,100000022,EUR,22006.67,18493,3513.67,N,I,I,I,I
300000075,17,2015-03-16,27,2015-03-16,,100000023,EUR,66745.91,56089,10656.91,R,R,X,I,I
300000076,9,2015-03-17,9,2015-03-17,,100000023,EUR,66745.91,56089,10656.91,R,R,X,I,I
300000077,13,2015-03-18,32,2015-03-18,,100000023,EUR,42474.67,35693,6781.67,R,R,X,I,I
300000078,1,2015-03-19,11,2015-03-19,,100000021,EUR,10558.87,8873,1685.87,X,R,X,I,I
300000079,5,2015-03-20,7,2015-03-20,,100000019,EUR,3525.97,2963,562.97,N,I,I,I,I
300000080,17,2015-03-21,17,2015-03-21,,100000024,EUR,143791.27,120833,22958.27,X,R,X,I,I
300000081,17,2015-03-22,21,2015-03-22,,100000019,EUR,2801.26,2354,447.26,X,R,X,I,I
300000082,16,2015-03-23,30,2015-03-23,,100000024,EUR,143791.27,120833,22958.27,X,R,X,I,I
300000083,21,2015-03-24,26,2015-03-24,,100000026,EUR,8739.36,7344,1395.36,R,R,X,I,I
300000084,17,2015-03-25,25,2015-03-25,,100000026,EUR,6961.5,5850,1111.5,C,A,S,I,D
300000085,27,2015-03-26,10,2015-03-26,,100000025,EUR,148857.1,125090,23767.1,C,A,S,I,D
300000086,7,2015-03-27,16,2015-03-27,,100000023,EUR,24271.24,20396,3875.24,C,A,S,I,D
300000087,26,2015-03-28,5,2015-03-28,,100000022,EUR,30368.8,25520,4848.8,X,R,X,I,I
300000088,20,2015-03-29,10,2015-03-29,,100000024,EUR,126082.88,105952,20130.88,C,A,S,I,D
300000089,1,2015-03-30,12,2015-03-30,,100000024,EUR,54399.66,45714,8685.66,X,R,X,I,I
300000090,30,2015-03-31,15,2015-03-31,,100000021,EUR,15471.19,13001,2470.19,C,A,S,I,D
300000091,7,2015-04-01,14,2015-04-01,,100000019,EUR,1970.64,1656,314.64,P,A,C,I,I
300000092,2,2015-04-02,33,2015-04-02,,100000025,EUR,29771.42,25018,4753.42,R,R,X,I,I
300000093,12,2015-04-03,33,2015-04-03,,100000022,EUR,12430.74,10446,1984.74,P,A,C,I,I
300000094,26,2015-04-04,1,2015-04-04,,100000026,EUR,12186.79,10241,1945.79,N,I,I,I,I
300000095,33,2015-04-05,6,2015-04-05,,100000026,EUR,13964.65,11735,2229.65,R,R,X,I,I
300000096,27,2015-04-06,6,2015-04-06,,100000025,EUR,119010.71,100009,19001.71,P,I,S,I,I
300000097,12,2015-04-07,24,2015-04-07,,100000021,EUR,4676.7,3930,746.7,P,I,S,I,I
300000098,30,2015-04-08,24,2015-04-08,,100000024,EUR,89816.44,75476,14340.44,X,R,X,I,I
300000099,22,2015-04-09,11,2015-04-09,,100000022,EUR,30166.5,25350,4816.5,P,I,S,I,I
300000100,18,2015-04-10,12,2015-04-10,,100000012,EUR,12209.4,10260,1949.4,R,R,X,I,I
300000101,22,2015-04-11,22,2015-04-11,,100000011,EUR,8491.12,7135.4,1355.72,X,R,X,I,I
300000102,24,2015-04-12,9,2015-04-12,,100000015,EUR,2346.68,1972,374.68,P,A,S,I,I
300000103,8,2015-04-13,32,2015-04-13,,100000013,EUR,5933.58,4986.2,947.38,X,R,X,I,I
300000104,30,2015-04-14,12,2015-04-14,,100000013,EUR,5928.1,4981.6,946.5,R,R,X,I,I
300000105,2,2015-04-15,26,2015-04-15,,100000014,EUR,9080.89,7631,1449.89,N,I,I,I,I
300000106,8,2015-04-16,12,2015-04-16,,100000016,EUR,10253.04,8616,1637.04,C,A,S,I,D
300000107,26,2015-04-17,6,2015-04-17,,100000017,EUR,7275.66,6114,1161.66,X,R,X,I,I
300000108,29,2015-04-18,24,2015-04-18,,100000018,EUR,4551.75,3825,726.75,P,I,S,I,I
300000109,15,2015-04-19,29,2015-04-19,,100000012,EUR,3148.74,2646,502.74,N,I,I,I,I
300000110,6,2015-04-20,33,2015-04-20,,100000011,EUR,4955.51,4164.3,791.21,R,R,X,I,I
300000111,20,2015-04-21,33,2015-04-21,,100000017,EUR,4131.68,3472,659.68,C,A,S,I,D
300000112,29,2015-04-22,6,2015-04-22,,100000015,EUR,3420.06,2874,546.06,X,R,X,I,I
300000113,10,2015-04-23,8,2015-04-23,,100000013,EUR,9608.29,8074.2,1534.09,R,R,X,I,I
300000114,11,2015-04-24,6,2015-04-24,,100000013,EUR,6536.55,5492.9,1043.65,C,A,S,I,D
300000115,3,2015-04-25,19,2015-04-25,,100000014,EUR,10980.13,9227,1753.13,R,R,X,I,I
300000116,8,2015-04-26,11,2015-04-26,,100000017,EUR,3996.02,3358,638.02,C,A,S,I,D
300000117,3,2015-04-27,19,2015-04-27,,100000015,EUR,49.98,42,7.98,R,R,X,I,I
300000118,27,2015-04-28,18,2015-04-28,,100000011,EUR,2343.94,1969.7,374.24,P,A,S,I,I
300000119,16,2015-04-29,22,2015-04-29,,100000018,EUR,2595.39,2181,414.39,P,A,C,I,I
300000120,24,2015-04-30,2,2015-04-30,,100000012,EUR,9107.07,7653,1454.07,P,I,C,I,I
300000121,25,2015-05-01,3,2015-05-01,,100000011,EUR,1514.63,1272.8,241.83,R,R,X,I,I
300000122,16,2015-05-02,9,2015-05-02,,100000013,EUR,4288.64,3603.9,684.74,N,I,I,I,I
300000123,25,2015-05-03,1,2015-05-03,,100000014,EUR,4272.1,3590,682.1,P,A,C,I,I
300000124,33,2015-05-04,1,2015-05-04,,100000015,EUR,2446.64,2056,390.64,N,I,I,I,I
300000125,8,2015-05-05,22,2015-05-05,,100000016,EUR,19189.94,16126,3063.94,C,A,S,I,D
300000126,4,2015-05-06,8,2015-05-06,,100000016,EUR,19189.94,16126,3063.94,R,R,X,I,I
300000127,9,2015-05-07,6,2015-05-07,,100000016,EUR,12211.78,10262,1949.78,N,I,I,I,I
300000128,17,2015-05-08,32,2015-05-08,,100000014,EUR,8752.45,7355,1397.45,P,A,C,I,I
300000129,32,2015-05-09,33,2015-05-09,,100000017,EUR,2291.94,1926,365.94,X,R,X,I,I
300000130,9,2015-05-10,18,2015-05-10,,100000013,EUR,11640.81,9782.2,1858.61,R,R,X,I,I
300000131,2,2015-05-11,18,2015-05-11,,100000017,EUR,5971.42,5018,953.42,R,R,X,I,I
300000132,6,2015-05-12,29,2015-05-12,,100000013,EUR,9401.11,7900.1,1501.01,X,R,X,I,I
300000133,5,2015-05-13,16,2015-05-13,,100000018,EUR,3573.57,3003,570.57,C,A,S,I,D
300000134,28,2015-05-14,10,2015-05-14,,100000012,EUR,3148.74,2646,502.74,R,R,X,I,I
300000135,30,2015-05-15,24,2015-05-15,,100000011,EUR,7783.31,6540.6,1242.71,C,A,S,I,D
300000136,27,2015-05-16,9,2015-05-16,,100000016,EUR,6978.16,5864,1114.16,C,A,S,I,D
300000137,3,2015-05-17,6,2015-05-17,,100000015,EUR,3420.06,2874,546.06,R,R,X,I,I
300000138,14,2015-05-18,25,2015-05-18,,100000013,EUR,9608.29,8074.2,1534.09,N,I,I,I,I
300000139,20,2015-05-19,5,2015-05-19,,100000013,EUR,6536.55,5492.9,1043.65,P,I,C,I,I
300000140,24,2015-05-20,16,2015-05-20,,100000014,EUR,10980.13,9227,1753.13,N,I,I,I,I
300000141,22,2015-05-21,22,2015-05-21,,100000017,EUR,3996.02,3358,638.02,P,I,S,I,I
300000142,15,2015-05-22,24,2015-05-22,,100000011,EUR,1909.83,1604.9,304.93,R,R,X,I,I
300000143,19,2015-05-23,1,2015-05-23,,100000015,EUR,2708.44,2276,432.44,C,A,S,I,D
300000144,20,2015-05-24,8,2015-05-24,,100000018,EUR,2990.47,2513,477.47,R,R,X,I,I
300000145,15,2015-05-25,5,2015-05-25,,100000012,EUR,9399.81,7899,1500.81,R,R,X,I,I
300000146,12,2015-05-26,29,2015-05-26,,100000011,EUR,2191.74,1841.8,349.94,P,A,C,I,I
300000147,24,2015-05-27,24,2015-05-27,,100000014,EUR,6379.59,5361,1018.59,X,R,X,I,I
300000148,13,2015-05-28,33,2015-05-28,,100000013,EUR,4704.66,3953.5,751.16,N,I,I,I,I
300000149,29,2015-05-29,13,2015-05-29,,100000015,EUR,3320.1,2790,530.1,P,A,C,I,I
300000150,30,2015-05-30,25,2015-05-30,,100000028,EUR,11951.17,10043,1908.17,R,R,X,I,I
300000151,16,2015-05-31,16,2015-05-31,,100000030,EUR,19844.44,16676,3168.44,P,A,S,I,I
300000152,32,2015-06-01,3,2015-06-01,,100000031,EUR,6676.5,5610.5,1066,R,R,X,I,I
300000153,21,2015-06-02,18,2015-06-02,,100000032,EUR,4589.84,3857,732.84,P,I,C,I,I
300000154,33,2015-06-03,8,2015-06-03,,100000032,EUR,1335.78,1122.5,213.28,P,A,S,I,I
300000155,22,2015-06-04,28,2015-06-04,,100000033,EUR,1552.36,1304.5,247.86,P,A,S,I,I
300000156,2,2015-06-05,1,2015-06-05,,100000034,EUR,5854.8,4920,934.8,N,I,I,I,I
300000157,7,2015-06-06,27,2015-06-06,,100000035,EUR,1123.71,944.3,179.41,R,R,X,I,I
300000158,5,2015-06-07,20,2015-06-07,,100000027,EUR,7225.68,6072,1153.68,P,A,C,I,I
300000159,24,2015-06-08,9,2015-06-08,,100000028,EUR,4312.56,3624,688.56,C,A,S,I,D
300000160,9,2015-06-09,2,2015-06-09,,100000030,EUR,9174.9,7710,1464.9,N,I,I,I,I
300000161,19,2015-06-10,22,2015-06-10,,100000035,EUR,604.04,507.6,96.44,P,I,C,I,I
300000162,32,2015-06-11,30,2015-06-11,,100000031,EUR,9534.88,8012.5,1522.38,N,I,I,I,I
300000163,28,2015-06-12,5,2015-06-12,,100000032,EUR,4606.5,3871,735.5,P,A,S,I,I
300000164,3,2015-06-13,33,2015-06-13,,100000032,EUR,1984.93,1668,316.93,X,R,X,I,I
300000165,21,2015-06-14,20,2015-06-14,,100000033,EUR,1941.5,1631.5,310,P,I,S,I,I
300000166,26,2015-06-15,15,2015-06-15,,100000035,EUR,404.12,339.6,64.52,N,I,I,I,I
300000167,8,2015-06-16,24,2015-06-16,,100000031,EUR,956.76,804,152.76,P,A,S,I,I
300000168,6,2015-06-17,27,2015-06-17,,100000030,EUR,7247.1,6090,1157.1,R,R,X,I,I
300000169,13,2015-06-18,33,2015-06-18,,100000027,EUR,12880.56,10824,2056.56,N,I,I,I,I
300000170,32,2015-06-19,11,2015-06-19,,100000028,EUR,9761.57,8203,1558.57,X,R,X,I,I
300000171,9,2015-06-20,15,2015-06-20,,100000030,EUR,1896.86,1594,302.86,N,I,I,I,I
300000172,2,2015-06-21,7,2015-06-21,,100000032,EUR,1972.43,1657.5,314.93,R,R,X,I,I
300000173,18,2015-06-22,26,2015-06-22,,100000033,EUR,782.43,657.5,124.93,P,A,S,I,I
300000174,27,2015-06-23,26,2015-06-23,,100000031,EUR,9528.94,8007.5,1521.44,P,A,S,I,I
300000175,13,2015-06-24,14,2015-06-24,,100000034,EUR,12042.8,10120,1922.8,R,R,X,I,I
300000176,14,2015-06-25,6,2015-06-25,,100000034,EUR,12042.8,10120,1922.8,X,R,X,I,I
300000177,28,2015-06-26,14,2015-06-26,,100000034,EUR,7663.6,6440,1223.6,R,R,X,I,I
300000178,25,2015-06-27,16,2015-06-27,,100000033,EUR,790.77,664.5,126.27,R,R,X,I,I
300000179,17,2015-06-28,14,2015-06-28,,100000035,EUR,635.22,533.8,101.42,C,A,S,I,D
300000180,21,2015-06-29,31,2015-06-29,,100000032,EUR,4606.5,3871,735.5,N,I,I,I,I
300000181,26,2015-06-30,25,2015-06-30,,100000035,EUR,484.21,406.9,77.31,R,R,X,I,I
300000182,30,2015-07-01,14,2015-07-01,,100000032,EUR,4606.5,3871,735.5,P,A,C,I,I
300000183,1,2015-07-02,8,2015-07-02,,100000027,EUR,10053.12,8448,1605.12,R,R,X,I,I
300000184,5,2015-07-03,14,2015-07-03,,100000028,EUR,2206.26,1854,352.26,X,R,X,I,I
300000185,10,2015-07-04,16,2015-07-04,,100000030,EUR,17885.7,15030,2855.7,X,R,X,I,I
300000186,20,2015-07-05,23,2015-07-05,,100000034,EUR,4379.2,3680,699.2,C,A,S,I,D
300000187,32,2015-07-06,29,2015-07-06,,100000031,EUR,8587.05,7216,1371.05,N,I,I,I,I
300000188,27,2015-07-07,30,2015-07-07,,100000032,EUR,5255.64,4416.5,839.14,N,I,I,I,I
300000189,14,2015-07-08,27,2015-07-08,,100000032,EUR,3932.37,3304.5,627.87,X,R,X,I,I
300000190,14,2015-07-09,18,2015-07-09,,100000033,EUR,1755.26,1475,280.26,X,R,X,I,I
300000191,16,2015-07-10,16,2015-07-10,,100000035,EUR,350.93,294.9,56.03,C,A,S,I,D
300000192,17,2015-07-11,29,2015-07-11,,100000030,EUR,3577.14,3006,571.14,R,R,X,I,I
300000193,25,2015-07-12,24,2015-07-12,,100000031,EUR,4765.96,4005,760.96,C,A,S,I,D
300000194,20,2015-07-13,6,2015-07-13,,100000027,EUR,5798.87,4873,925.87,N,I,I,I,I
300000195,15,2015-07-14,9,2015-07-14,,100000028,EUR,9761.57,8203,1558.57,P,A,C,I,I
300000196,1,2015-07-15,24,2015-07-15,,100000030,EUR,1896.86,1594,302.86,C,A,S,I,D
300000197,10,2015-07-16,11,2015-07-16,,100000033,EUR,583.7,490.5,93.2,R,R,X,I,I
300000198,27,2015-07-17,8,2015-07-17,,100000032,EUR,2634.07,2213.5,420.57,N,I,I,I,I
300000199,17,2015-07-18,7,2015-07-18,,100000031,EUR,7636.24,6417,1219.24,C,A,S,I,D
300000200,10,2015-07-19,20,2015-07-19,,100000044,EUR,11689.24,9822.89,1866.35,R,R,X,I,I
300000201,28,2015-07-20,33,2015-07-20,,100000036,EUR,4983.37,4187.7,795.67,P,I,S,I,I
300000202,32,2015-07-21,31,2015-07-21,,100000038,EUR,724.71,609,115.71,R,R,X,I,I
300000203,28,2015-07-22,21,2015-07-22,,100000037,EUR,1872.82,1573.8,299.02,P,A,C,I,I
300000204,10,2015-07-23,33,2015-07-23,,100000037,EUR,1240.46,1042.4,198.06,R,R,X,I,I
300000205,2,2015-07-24,1,2015-07-24,,100000042,EUR,12794.88,10752,2042.88,N,I,I,I,I
300000206,25,2015-07-25,2,2015-07-25,,100000044,EUR,1294.71,1087.99,206.72,R,R,X,I,I
300000207,28,2015-07-26,17,2015-07-26,,100000041,EUR,2645.37,2223,422.37,C,A,S,I,D
300000208,30,2015-07-27,14,2015-07-27,,100000043,EUR,16526.72,13888,2638.72,N,I,I,I,I
300000209,10,2015-07-28,24,2015-07-28,,100000044,EUR,4157.82,3493.96,663.86,X,R,X,I,I
300000210,32,2015-07-29,15,2015-07-29,,100000036,EUR,2751.29,2312,439.29,X,R,X,I,I
300000211,13,2015-07-30,3,2015-07-30,,100000041,EUR,1423.24,1196,227.24,N,I,I,I,I
300000212,5,2015-07-31,31,2015-07-31,,100000038,EUR,1006.74,846,160.74,P,I,S,I,I
300000213,17,2015-08-01,12,2015-08-01,,100000037,EUR,2354.54,1978.6,375.94,P,I,S,I,I
300000214,32,2015-08-02,32,2015-08-02,,100000037,EUR,1318.76,1108.2,210.56,X,R,X,I,I
300000215,3,2015-08-03,30,2015-08-03,,100000042,EUR,16148.3,13570,2578.3,X,R,X,I,I
300000216,10,2015-08-04,29,2015-08-04,,100000041,EUR,959.14,806,153.14,R,R,X,I,I
300000217,21,2015-08-05,8,2015-08-05,,100000038,EUR,132.09,111,21.09,P,A,S,I,I
300000218,12,2015-08-06,7,2015-08-06,,100000036,EUR,1909.36,1604.5,304.86,X,R,X,I,I
300000219,13,2015-08-07,21,2015-08-07,,100000043,EUR,12623.52,10608,2015.52,P,A,C,I,I
300000220,12,2015-08-08,17,2015-08-08,,100000044,EUR,9517.53,7997.91,1519.62,X,R,X,I,I
300000221,1,2015-08-09,33,2015-08-09,,100000036,EUR,744.71,625.8,118.91,X,R,X,I,I
300000222,22,2015-08-10,26,2015-08-10,,100000037,EUR,957.47,804.6,152.87,N,I,I,I,I
300000223,10,2015-08-11,14,2015-08-11,,100000042,EUR,7325.64,6156,1169.64,P,A,C,I,I
300000224,7,2015-08-12,31,2015-08-12,,100000038,EUR,949.62,798,151.62,P,I,C,I,I
300000225,24,2015-08-13,12,2015-08-13,,100000044,EUR,11689.25,9822.89,1866.36,R,R,X,I,I
300000226,8,2015-08-14,17,2015-08-14,,100000044,EUR,11689.24,9822.89,1866.35,P,A,S,I,I
300000227,30,2015-08-15,19,2015-08-15,,100000044,EUR,7438.62,6250.93,1187.69,N,I,I,I,I
300000228,24,2015-08-16,14,2015-08-16,,100000042,EUR,8563.24,7196,1367.24,C,A,S,I,D
300000229,9,2015-08-17,2,2015-08-17,,100000041,EUR,1485.12,1248,237.12,C,A,S,I,D
300000230,2,2015-08-18,16,2015-08-18,,100000037,EUR,2354.54,1978.6,375.94,N,I,I,I,I
300000231,33,2015-08-19,6,2015-08-19,,100000041,EUR,1129.31,949,180.31,X,R,X,I,I
300000232,18,2015-08-20,31,2015-08-20,,100000037,EUR,2354.54,1978.6,375.94,X,R,X,I,I
300000233,14,2015-08-21,31,2015-08-21,,100000043,EUR,14575.12,12248,2327.12,R,R,X,I,I
300000234,19,2015-08-22,6,2015-08-22,,100000044,EUR,2218.14,1863.98,354.16,R,R,X,I,I
300000235,16,2015-08-23,11,2015-08-23,,100000036,EUR,4044.22,3398.5,645.72,N,I,I,I,I
300000236,22,2015-08-24,18,2015-08-24,,100000044,EUR,4250.63,3571.96,678.67,N,I,I,I,I
300000237,31,2015-08-25,33,2015-08-25,,100000038,EUR,960.33,807,153.33,R,R,X,I,I
300000238,27,2015-08-26,9,2015-08-26,,100000037,EUR,2432.84,2044.4,388.44,N,I,I,I,I
300000239,10,2015-08-27,18,2015-08-27,,100000037,EUR,1553.67,1305.6,248.07,N,I,I,I,I
300000240,20,2015-08-28,14,2015-08-28,,100000042,EUR,15709.19,13201,2508.19,R,R,X,I,I
300000241,6,2015-08-29,23,2015-08-29,,100000041,EUR,819.91,689,130.91,C,A,S,I,D
300000242,32,2015-08-30,18,2015-08-30,,100000036,EUR,808.84,679.7,129.14,N,I,I,I,I
300000243,16,2015-08-31,5,2015-08-31,,100000038,EUR,489.09,411,78.09,P,A,S,I,I
300000244,15,2015-09-01,31,2015-09-01,,100000043,EUR,15718.71,13209,2509.71,R,R,X,I,I
300000245,22,2015-09-02,18,2015-09-02,,100000044,EUR,9517.53,7997.91,1519.62,R,R,X,I,I
300000246,24,2015-09-03,28,2015-09-03,,100000036,EUR,744.71,625.8,118.91,X,R,X,I,I
300000247,33,2015-09-04,10,2015-09-04,,100000042,EUR,5030.13,4227,803.13,X,R,X,I,I
300000248,4,2015-09-05,31,2015-09-05,,100000037,EUR,1397.06,1174,223.06,P,I,S,I,I
300000249,5,2015-09-06,15,2015-09-06,,100000038,EUR,885.36,744,141.36,R,R,X,I,I
300000250,1,2015-09-07,24,2015-09-07,,100000000,EUR,13224.47,11113,2111.47,R,R,X,I,I
300000251,8,2015-09-08,18,2015-09-08,,100000002,EUR,12493.73,10498.94,1994.79,P,I,S,I,I
300000252,7,2015-09-09,10,2015-09-09,,100000005,EUR,11666.69,9803.94,1862.75,N,I,I,I,I
300000253,29,2015-09-10,22,2015-09-10,,100000006,EUR,16561.23,13917,2644.23,N,I,I,I,I
300000254,4,2015-09-11,23,2015-09-11,,100000006,EUR,12515.23,10517,1998.23,C,A,S,I,D
300000255,29,2015-09-12,27,2015-09-12,,100000008,EUR,8368.08,7032,1336.08,P,A,S,I,I
300000256,25,2015-09-13,31,2015-09-13,,100000003,EUR,6146.19,5164.87,981.32,C,A,S,I,D
300000257,28,2015-09-14,23,2015-09-14,,100000004,EUR,5720.31,4806.98,913.33,P,I,S,I,I
300000258,17,2015-09-15,10,2015-09-15,,100000009,EUR,4444.17,3734.6,709.57,R,R,X,I,I
300000259,16,2015-09-16,4,2015-09-16,,100000000,EUR,3453.38,2902,551.38,R,R,X,I,I
300000260,12,2015-09-17,33,2015-09-17,,100000002,EUR,8150.94,6849.53,1301.41,N,I,I,I,I
300000261,23,2015-09-18,26,2015-09-18,,100000004,EUR,3040.41,2554.97,485.44,R,R,X,I,I
300000262,20,2015-09-19,10,2015-09-19,,100000005,EUR,18986.39,15954.94,3031.45,N,I,I,I,I
300000263,2,2015-09-20,22,2015-09-20,,100000006,EUR,23408.49,19671,3737.49,P,I,S,I,I
300000264,20,2015-09-21,13,2015-09-21,,100000006,EUR,12515.23,10517,1998.23,R,R,X,I,I
300000265,9,2015-09-22,31,2015-09-22,,100000008,EUR,9971.01,8379,1592.01,C,A,S,I,D
300000266,22,2015-09-23,4,2015-09-23,,100000004,EUR,1829.01,1536.98,292.03,C,A,S,I,D
300000267,16,2015-09-24,20,2015-09-24,,100000005,EUR,5055.11,4247.99,807.12,N,I,I,I,I
300000268,1,2015-09-25,32,2015-09-25,,100000002,EUR,2510.26,2109.47,400.79,N,I,I,I,I
300000269,27,2015-09-26,33,2015-09-26,,100000009,EUR,3974.12,3339.6,634.52,R,R,X,I,I
300000270,33,2015-09-27,8,2015-09-27,,100000000,EUR,10329.2,8680,1649.2,X,R,X,I,I
300000271,31,2015-09-28,4,2015-09-28,,100000002,EUR,2153.64,1809.78,343.86,N,I,I,I,I
300000272,19,2015-09-29,28,2015-09-29,,100000006,EUR,14276.43,11997,2279.43,P,A,S,I,I
300000273,29,2015-09-30,30,2015-09-30,,100000008,EUR,3592.61,3019,573.61,X,R,X,I,I
300000274,7,2015-10-01,21,2015-10-01,,100000005,EUR,14640.47,12302.92,2337.55,C,A,S,I,D
300000275,9,2015-10-02,18,2015-10-02,,100000003,EUR,16748.33,14074.23,2674.1,N,I,I,I,I
300000276,1,2015-10-03,19,2015-10-03,,100000003,EUR,13053.03,10968.94,2084.09,C,A,S,I,D
300000277,19,2015-10-04,27,2015-10-04,,100000003,EUR,8555.55,7189.54,1366.01,R,R,X,I,I
300000278,23,2015-10-05,29,2015-10-05,,100000008,EUR,4977.77,4183,794.77,C,A,S,I,D
300000279,10,2015-10-06,21,2015-10-06,,100000004,EUR,3180.85,2672.98,507.87,C,A,S,I,D
300000280,28,2015-10-07,23,2015-10-07,,100000006,EUR,25366.04,21316,4050.04,R,R,X,I,I
300000281,15,2015-10-08,4,2015-10-08,,100000004,EUR,3470,2915.97,554.03,X,R,X,I,I
300000282,28,2015-10-09,32,2015-10-09,,100000006,EUR,23589.37,19823,3766.37,X,R,X,I,I
300000283,32,2015-10-10,27,2015-10-10,,100000009,EUR,4444.17,3734.6,709.57,C,A,S,I,D
300000284,14,2015-10-11,22,2015-10-11,,100000000,EUR,3453.38,2902,551.38,C,A,S,I,D
300000285,25,2015-10-12,21,2015-10-12,,100000002,EUR,8150.94,6849.53,1301.41,R,R,X,I,I
300000286,18,2015-10-13,5,2015-10-13,,100000003,EUR,4372.85,3674.67,698.18,C,A,S,I,D
300000287,23,2015-10-14,13,2015-10-14,,100000005,EUR,18986.39,15954.94,3031.45,P,I,C,I,I
300000288,10,2015-10-15,6,2015-10-15,,100000006,EUR,23408.49,19671,3737.49,X,R,X,I,I
300000289,1,2015-10-16,17,2015-10-16,,100000006,EUR,12515.23,10517,1998.23,X,R,X,I,I
300000290,23,2015-10-17,9,2015-10-17,,100000008,EUR,9971.01,8379,1592.01,P,I,S,I,I
300000291,17,2015-10-18,32,2015-10-18,,100000004,EUR,1829.01,1536.98,292.03,N,I,I,I,I
300000292,1,2015-10-19,22,2015-10-19,,100000002,EUR,3772.29,3169.99,602.3,R,R,X,I,I
300000293,24,2015-10-20,29,2015-10-20,,100000005,EUR,3729.42,3133.97,595.45,C,A,S,I,D
300000294,21,2015-10-21,19,2015-10-21,,100000009,EUR,4878.64,4099.7,778.94,R,R,X,I,I
300000295,6,2015-10-22,8,2015-10-22,,100000000,EUR,9222.5,7750,1472.5,X,R,X,I,I
300000296,15,2015-10-23,27,2015-10-23,,100000002,EUR,3986.25,3349.79,636.46,P,A,S,I,I
300000297,31,2015-10-24,8,2015-10-24,,100000008,EUR,3334.38,2802,532.38,R,R,X,I,I
300000298,33,2015-10-25,1,2015-10-25,,100000006,EUR,15898.4,13360,2538.4,N,I,I,I,I
300000299,1,2015-10-26,22,2015-10-26,,100000005,EUR,14320.39,12033.94,2286.45,X,R,X,I,I
300000300,27,2015-10-27,31,2015-10-27,,100000026,EUR,19189.94,16126,3063.94,P,A,S,I,I
300000301,2,2015-10-28,21,2015-10-28,,100000025,EUR,327367.81,275099,52268.81,R,R,X,I,I
300000302,32,2015-10-29,24,2015-10-29,,100000022,EUR,21399.77,17983,3416.77,N,I,I,I,I
300000303,5,2015-10-30,26,2015-10-30,,100000024,EUR,72391.27,60833,11558.27,C,A,S,I,D
300000304,7,2015-10-31,22,2015-10-31,,100000024,EUR,125233.22,105238,19995.22,P,I,S,I,I
300000305,18,2015-11-01,8,2015-11-01,,100000021,EUR,11030.11,9269,1761.11,X,R,X,I,I
300000306,7,2015-11-02,25,2015-11-02,,100000023,EUR,35817.81,30099,5718.81,X,R,X,I,I
300000307,6,2015-11-03,19,2015-11-03,,100000019,EUR,5488.28,4612,876.28,N,I,I,I,I
300000308,6,2015-11-04,21,2015-11-04,,100000026,EUR,12195.12,10248,1947.12,P,A,C,I,I
300000309,6,2015-11-05,2,2015-11-05,,100000026,EUR,3505.74,2946,559.74,R,R,X,I,I
300000310,33,2015-11-06,9,2015-11-06,,100000025,EUR,297553.55,250045,47508.55,C,A,S,I,D
300000311,12,2015-11-07,10,2015-11-07,,100000019,EUR,2898.84,2436,462.84,X,R,X,I,I
300000312,25,2015-11-08,9,2015-11-08,,100000022,EUR,27716.29,23291,4425.29,X,R,X,I,I
300000313,1,2015-11-09,2,2015-11-09,,100000024,EUR,143791.27,120833,22958.27,C,A,S,I,D
300000314,19,2015-11-10,15,2015-11-10,,100000024,EUR,107524.83,90357,17167.83,P,A,S,I,I
300000315,6,2015-11-11,26,2015-11-11,,100000021,EUR,14147.91,11889,2258.91,N,I,I,I,I
300000316,6,2015-11-12,3,2015-11-12,,100000019,EUR,1652.91,1389,263.91,P,I,C,I,I
300000317,25,2015-11-13,6,2015-11-13,,100000022,EUR,5911.92,4968,943.92,N,I,I,I,I
300000318,30,2015-11-14,19,2015-11-14,,100000025,EUR,148792.84,125036,23756.84,X,R,X,I,I
300000319,25,2015-11-15,25,2015-11-15,,100000026,EUR,5283.6,4440,843.6,X,R,X,I,I
300000320,31,2015-11-16,24,2015-11-16,,100000026,EUR,13964.65,11735,2229.65,R,R,X,I,I
300000321,28,2015-11-17,1,2015-11-17,,100000025,EUR,119010.71,100009,19001.71,C,A,S,I,D
300000322,3,2015-11-18,7,2015-11-18,,100000024,EUR,53974.83,45357,8617.83,X,R,X,I,I
300000323,16,2015-11-19,7,2015-11-19,,100000021,EUR,7676.69,6451,1225.69,N,I,I,I,I
300000324,23,2015-11-20,31,2015-11-20,,100000022,EUR,22006.67,18493,3513.67,N,I,I,I,I
300000325,2,2015-11-21,15,2015-11-21,,100000023,EUR,66745.91,56089,10656.91,C,A,S,I,D
300000326,29,2015-11-22,14,2015-11-22,,100000023,EUR,66745.91,56089,10656.91,P,A,S,I,I
300000327,4,2015-11-23,31,2015-11-23,,100000023,EUR,42474.67,35693,6781.67,N,I,I,I,I
300000328,8,2015-11-24,31,2015-11-24,,100000021,EUR,10558.87,8873,1685.87,R,R,X,I,I
300000329,1,2015-11-25,10,2015-11-25,,100000019,EUR,3525.97,2963,562.97,X,R,X,I,I
300000330,28,2015-11-26,1,2015-11-26,,100000024,EUR,143791.27,120833,22958.27,N,I,I,I,I
300000331,23,2015-11-27,13,2015-11-27,,100000019,EUR,2801.26,2354,447.26,C,A,S,I,D
300000332,28,2015-11-28,11,2015-11-28,,100000024,EUR,143791.27,120833,22958.27,R,R,X,I,I
300000333,21,2015-11-29,16,2015-11-29,,100000026,EUR,8739.36,7344,1395.36,P,I,S,I,I
300000334,6,2015-11-30,12,2015-11-30,,100000026,EUR,6961.5,5850,1111.5,X,R,X,I,I
300000335,15,2015-12-01,18,2015-12-01,,100000025,EUR,148857.1,125090,23767.1,R,R,X,I,I
300000336,20,2015-12-02,30,2015-12-02,,100000023,EUR,24271.24,20396,3875.24,N,I,I,I,I
300000337,18,2015-12-03,18,2015-12-03,,100000022,EUR,30368.8,25520,4848.8,X,R,X,I,I
300000338,8,2015-12-04,30,2015-12-04,,100000024,EUR,126082.88,105952,20130.88,P,I,C,I,I
300000339,6,2015-12-05,29,2015-12-05,,100000024,EUR,54399.66,45714,8685.66,P,A,S,I,I
300000340,4,2015-12-06,6,2015-12-06,,100000021,EUR,15471.19,13001,2470.19,P,A,C,I,I
300000341,17,2015-12-07,12,2015-12-07,,100000019,EUR,1970.64,1656,314.64,R,R,X,I,I
300000342,12,2015-12-08,8,2015-12-08,,100000025,EUR,29771.42,25018,4753.42,R,R,X,I,I
300000343,30,2015-12-09,26,2015-12-09,,100000022,EUR,12430.74,10446,1984.74,R,R,X,I,I
300000344,15,2015-12-10,18,2015-12-10,,100000026,EUR,12186.79,10241,1945.79,C,A,S,I,D
300000345,11,2015-12-11,14,2015-12-11,,100000026,EUR,13964.65,11735,2229.65,N,I,I,I,I
300000346,15,2015-12-12,10,2015-12-12,,100000025,EUR,119010.71,100009,19001.71,P,I,S,I,I
300000347,33,2015-12-13,22,2015-12-13,,100000021,EUR,4676.7,3930,746.7,C,A,S,I,D
300000348,24,2015-12-14,5,2015-12-14,,100000024,EUR,89816.44,75476,14340.44,X,R,X,I,I
300000349,33,2015-12-15,28,2015-12-15,,100000022,EUR,30166.5,25350,4816.5,N,I,I,I,I
300000350,17,2015-12-16,25,2015-12-16,,100000012,EUR,12209.4,10260,1949.4,C,A,S,I,D
300000351,8,2015-12-17,6,2015-12-17,,100000011,EUR,8491.12,7135.4,1355.72,R,R,X,I,I
300000352,18,2015-12-18,7,2015-12-18,,100000015,EUR,2346.68,1972,374.68,X,R,X,I,I
300000353,33,2015-12-19,14,2015-12-19,,100000013,EUR,5933.58,4986.2,947.38,R,R,X,I,I
300000354,3,2015-12-20,4,2015-12-20,,100000013,EUR,5928.1,4981.6,946.5,P,A,C,I,I
300000355,17,2015-12-21,30,2015-12-21,,100000014,EUR,9080.89,7631,1449.89,C,A,S,I,D
300000356,31,2015-12-22,15,2015-12-22,,100000016,EUR,10253.04,8616,1637.04,N,I,I,I,I
300000357,27,2015-12-23,26,2015-12-23,,100000017,EUR,7275.66,6114,1161.66,N,I,I,I,I
300000358,10,2015-12-24,2,2015-12-24,,100000018,EUR,4551.75,3825,726.75,X,R,X,I,I
300000359,25,2015-12-25,16,2015-12-25,,100000012,EUR,3148.74,2646,502.74,C,A,S,I,D
300000360,7,2015-12-26,2,2015-12-26,,100000011,EUR,4955.51,4164.3,791.21,C,A,S,I,D
300000361,9,2015-12-27,24,2015-12-27,,100000017,EUR,4131.68,3472,659.68,X,R,X,I,I
300000362,2,2015-12-28,7,2015-12-28,,100000015,EUR,3420.06,2874,546.06,C,A,S,I,D
300000363,28,2015-12-29,2,2015-12-29,,100000013,EUR,9608.29,8074.2,1534.09,X,R,X,I,I
300000364,3,2015-12-30,12,2015-12-30,,100000013,EUR,6536.55,5492.9,1043.65,P,A,S,I,I
300000365,30,2015-12-31,30,2015-12-31,,100000014,EUR,10980.13,9227,1753.13,R,R,X,I,I
300000366,33,2015-01-01,18,2015-01-01,,100000017,EUR,3996.02,3358,638.02,C,A,S,I,D
300000367,8,2015-01-02,23,2015-01-02,,100000015,EUR,49.98,42,7.98,C,A,S,I,D
300000368,15,2015-01-03,25,2015-01-03,,100000011,EUR,2343.94,1969.7,374.24,R,R,X,I,I
300000369,1,2015-01-04,19,2015-01-04,,100000018,EUR,2595.39,2181,414.39,P,I,C,I,I
300000370,28,2015-01-05,22,2015-01-05,,100000012,EUR,9107.07,7653,1454.07,X,R,X,I,I
300000371,22,2015-01-06,28,2015-01-06,,100000011,EUR,1514.63,1272.8,241.83,R,R,X,I,I
300000372,16,2015-01-07,9,2015-01-07,,100000013,EUR,4288.64,3603.9,684.74,X,R,X,I,I
300000373,18,2015-01-08,26,2015-01-08,,100000014,EUR,4272.1,3590,682.1,N,I,I,I,I
300000374,32,2015-01-09,13,2015-01-09,,100000015,EUR,2446.64,2056,390.64,P,I,C,I,I
300000375,1,2015-01-10,5,2015-01-10,,100000016,EUR,19189.94,16126,3063.94,R,R,X,I,I
300000376,31,2015-01-11,20,2015-01-11,,100000016,EUR,19189.94,16126,3063.94,P,A,S,I,I
300000377,32,2015-01-12,11,2015-01-12,,100000016,EUR,12211.78,10262,1949.78,X,R,X,I,I
300000378,4,2015-01-13,31,2015-01-13,,100000014,EUR,8752.45,7355,1397.45,P,A,C,I,I
300000379,32,2015-01-14,13,2015-01-14,,100000017,EUR,2291.94,1926,365.94,X,R,X,I,I
300000380,14,2015-01-15,20,2015-01-15,,100000013,EUR,11640.81,9782.2,1858.61,P,A,C,I,I
300000381,17,2015-01-16,30,2015-01-16,,100000017,EUR,5971.42,5018,953.42,P,I,S,I,I
300000382,29,2015-01-17,11,2015-01-17,,100000013,EUR,9401.11,7900.1,1501.01,N,I,I,I,I
300000383,24,2015-01-18,8,2015-01-18,,100000018,EUR,3573.57,3003,570.57,X,R,X,I,I
300000384,10,2015-01-19,17,2015-01-19,,100000012,EUR,3148.74,2646,502.74,C,A,S,I,D
300000385,20,2015-01-20,13,2015-01-20,,100000011,EUR,7783.31,6540.6,1242.71,R,R,X,I,I
300000386,13,2015-01-21,27,2015-01-21,,100000016,EUR,6978.16,5864,1114.16,R,R,X,I,I
300000387,3,2015-01-22,15,2015-01-22,,100000015,EUR,3420.06,2874,546.06,N,I,I,I,I
300000388,4,2015-01-23,27,2015-01-23,,100000013,EUR,9608.29,8074.2,1534.09,R,R,X,I,I
300000389,7,2015-01-24,32,2015-01-24,,100000013,EUR,6536.55,5492.9,1043.65,N,I,I,I,I
300000390,19,2015-01-25,11,2015-01-25,,100000014,EUR,10980.13,9227,1753.13,R,R,X,I,I
300000391,29,2015-01-26,11,2015-01-26,,100000017,EUR,3996.02,3358,638.02,C,A,S,I,D
300000392,26,2015-01-27,12,2015-01-27,,100000011,EUR,1909.83,1604.9,304.93,X,R,X,I,I
300000393,29,2015-01-28,32,2015-01-28,,100000015,EUR,2708.44,2276,432.44,R,R,X,I,I
300000394,21,2015-01-29,23,2015-01-29,,100000018,EUR,2990.47,2513,477.47,N,I,I,I,I
300000395,18,2015-01-30,16,2015-01-30,,100000012,EUR,9399.81,7899,1500.81,C,A,S,I,D
300000396,1,2015-01-31,3,2015-01-31,,100000011,EUR,2191.74,1841.8,349.94,R,R,X,I,I
300000397,23,2015-02-01,9,2015-02-01,,100000014,EUR,6379.59,5361,1018.59,N,I,I,I,I
300000398,2,2015-02-02,23,2015-02-02,,100000013,EUR,4704.66,3953.5,751.16,P,A,C,I,I
300000399,15,2015-02-03,12,2015-02-03,,100000015,EUR,3320.1,2790,530.1,N,I,I,I,I
300000400,30,2015-02-04,29,2015-02-04,,100000028,EUR,11951.17,10043,1908.17,P,A,C,I,I
300000401,7,2015-02-05,12,2015-02-05,,100000030,EUR,19844.44,16676,3168.44,C,A,S,I,D
300000402,27,2015-02-06,6,2015-02-06,,100000031,EUR,6676.5,5610.5,1066,X,R,X,I,I
300000403,14,2015-02-07,8,2015-02-07,,100000032,EUR,4589.84,3857,732.84,R,R,X,I,I
300000404,23,2015-02-08,33,2015-02-08,,100000032,EUR,1335.78,1122.5,213.28,N,I,I,I,I
300000405,22,2015-02-09,13,2015-02-09,,100000033,EUR,1552.36,1304.5,247.86,X,R,X,I,I
300000406,27,2015-02-10,10,2015-02-10,,100000034,EUR,5854.8,4920,934.8,N,I,I,I,I
300000407,14,2015-02-11,11,2015-02-11,,100000035,EUR,1123.71,944.3,179.41,N,I,I,I,I
300000408,29,2015-02-12,22,2015-02-12,,100000027,EUR,7225.68,6072,1153.68,X,R,X,I,I
300000409,17,2015-02-13,2,2015-02-13,,100000028,EUR,4312.56,3624,688.56,X,R,X,I,I
300000410,3,2015-02-14,16,2015-02-14,,100000030,EUR,9174.9,7710,1464.9,C,A,S,I,D
300000411,15,2015-02-15,15,2015-02-15,,100000035,EUR,604.04,507.6,96.44,X,R,X,I,I
300000412,17,2015-02-16,33,2015-02-16,,100000031,EUR,9534.88,8012.5,1522.38,P,I,S,I,I
300000413,22,2015-02-17,18,2015-02-17,,100000032,EUR,4606.5,3871,735.5,C,A,S,I,D
300000414,5,2015-02-18,19,2015-02-18,,100000032,EUR,1984.93,1668,316.93,C,A,S,I,D
300000415,17,2015-02-19,23,2015-02-19,,100000033,EUR,1941.5,1631.5,310,R,R,X,I,I
300000416,24,2015-02-20,16,2015-02-20,,100000035,EUR,404.12,339.6,64.52,R,R,X,I,I
300000417,4,2015-02-21,18,2015-02-21,,100000031,EUR,956.76,804,152.76,N,I,I,I,I
300000418,25,2015-02-22,26,2015-02-22,,100000030,EUR,7247.1,6090,1157.1,C,A,S,I,D
300000419,17,2015-02-23,23,2015-02-23,,100000027,EUR,12880.56,10824,2056.56,R,R,X,I,I
300000420,12,2015-02-24,13,2015-02-24,,100000028,EUR,9761.57,8203,1558.57,C,A,S,I,D
300000421,20,2015-02-25,22,2015-02-25,,100000030,EUR,1896.86,1594,302.86,N,I,I,I,I
300000422,32,2015-02-26,26,2015-02-26,,100000032,EUR,1972.43,1657.5,314.93,X,R,X,I,I
300000423,15,2015-02-27,31,2015-02-27,,100000033,EUR,782.43,657.5,124.93,N,I,I,I,I
300000424,31,2015-02-28,18,2015-02-28,,100000031,EUR,9528.94,8007.5,1521.44,P,I,S,I,I
300000425,2,2015-02-28,32,2015-02-28,,100000034,EUR,12042.8,10120,1922.8,R,R,X,I,I
300000426,25,2015-03-01,9,2015-03-01,,100000034,EUR,12042.8,10120,1922.8,C,A,S,I,D
300000427,31,2015-03-02,25,2015-03-02,,100000034,EUR,7663.6,6440,1223.6,P,I,S,I,I
300000428,24,2015-03-03,11,2015-03-03,,100000033,EUR,790.77,664.5,126.27,R,R,X,I,I
300000429,32,2015-03-04,11,2015-03-04,,100000035,EUR,635.22,533.8,101.42,C,A,S,I,D
300000430,7,2015-03-05,7,2015-03-05,,100000032,EUR,4606.5,3871,735.5,N,I,I,I,I
300000431,16,2015-03-06,19,2015-03-06,,100000035,EUR,484.21,406.9,77.31,N,I,I,I,I
300000432,13,2015-03-07,22,2015-03-07,,100000032,EUR,4606.5,3871,735.5,R,R,X,I,I
300000433,20,2015-03-08,8,2015-03-08,,100000027,EUR,10053.12,8448,1605.12,P,A,S,I,I
300000434,24,2015-03-09,22,2015-03-09,,100000028,EUR,2206.26,1854,352.26,C,A,S,I,D
300000435,19,2015-03-10,4,2015-03-10,,100000030,EUR,17885.7,15030,2855.7,P,I,C,I,I
300000436,6,2015-03-11,13,2015-03-11,,100000034,EUR,4379.2,3680,699.2,X,R,X,I,I
300000437,8,2015-03-12,22,2015-03-12,,100000031,EUR,8587.05,7216,1371.05,P,I,S,I,I
300000438,7,2015-03-13,13,2015-03-13,,100000032,EUR,5255.64,4416.5,839.14,R,R,X,I,I
300000439,27,2015-03-14,26,2015-03-14,,100000032,EUR,3932.37,3304.5,627.87,R,R,X,I,I
300000440,22,2015-03-15,28,2015-03-15,,100000033,EUR,1755.26,1475,280.26,R,R,X,I,I
300000441,30,2015-03-16,25,2015-03-16,,100000035,EUR,350.93,294.9,56.03,N,I,I,I,I
300000442,27,2015-03-17,23,2015-03-17,,100000030,EUR,3577.14,3006,571.14,R,R,X,I,I
300000443,23,2015-03-18,22,2015-03-18,,100000031,EUR,4765.96,4005,760.96,P,A,C,I,I
300000444,27,2015-03-19,11,2015-03-19,,100000027,EUR,5798.87,4873,925.87,N,I,I,I,I
300000445,16,2015-03-20,32,2015-03-20,,100000028,EUR,9761.57,8203,1558.57,N,I,I,I,I
300000446,12,2015-03-21,27,2015-03-21,,100000030,EUR,1896.86,1594,302.86,N,I,I,I,I
300000447,20,2015-03-22,24,2015-03-22,,100000033,EUR,583.7,490.5,93.2,P,A,C,I,I
300000448,30,2015-03-23,5,2015-03-23,,100000032,EUR,2634.07,2213.5,420.57,C,A,S,I,D
300000449,6,2015-03-24,1,2015-03-24,,100000031,EUR,7636.24,6417,1219.24,P,I,S,I,I
300000450,14,2015-03-25,33,2015-03-25,,100000044,EUR,11689.24,9822.89,1866.35,C,A,S,I,D
300000451,19,2015-03-26,4,2015-03-26,,100000036,EUR,4983.37,4187.7,795.67,C,A,S,I,D
300000452,7,2015-03-27,6,2015-03-27,,100000038,EUR,724.71,609,115.71,X,R,X,I,I
300000453,10,2015-03-28,23,2015-03-28,,100000037,EUR,1872.82,1573.8,299.02,C,A,S,I,D
300000454,13,2015-03-29,27,2015-03-29,,100000037,EUR,1240.46,1042.4,198.06,P,I,C,I,I
300000455,20,2015-03-30,10,2015-03-30,,100000042,EUR,12794.88,10752,2042.88,X,R,X,I,I
300000456,16,2015-03-31,19,2015-03-31,,100000044,EUR,1294.71,1087.99,206.72,C,A,S,I,D
300000457,27,2015-04-01,24,2015-04-01,,100000041,EUR,2645.37,2223,422.37,P,A,C,I,I
300000458,33,2015-04-02,13,2015-04-02,,100000043,EUR,16526.72,13888,2638.72,R,R,X,I,I
300000459,25,2015-04-03,23,2015-04-03,,100000044,EUR,4157.82,3493.96,663.86,C,A,S,I,D
300000460,30,2015-04-04,32,2015-04-04,,100000036,EUR,2751.29,2312,439.29,N,I,I,I,I
300000461,22,2015-04-05,20,2015-04-05,,100000041,EUR,1423.24,1196,227.24,C,A,S,I,D
300000462,19,2015-04-06,10,2015-04-06,,100000038,EUR,1006.74,846,160.74,X,R,X,I,I
300000463,19,2015-04-07,20,2015-04-07,,100000037,EUR,2354.54,1978.6,375.94,N,I,I,I,I
300000464,29,2015-04-08,11,2015-04-08,,100000037,EUR,1318.76,1108.2,210.56,X,R,X,I,I
300000465,33,2015-04-09,17,2015-04-09,,100000042,EUR,16148.3,13570,2578.3,C,A,S,I,D
300000466,23,2015-04-10,16,2015-04-10,,100000041,EUR,959.14,806,153.14,R,R,X,I,I
300000467,8,2015-04-11,13,2015-04-11,,100000038,EUR,132.09,111,21.09,P,A,C,I,I
300000468,12,2015-04-12,29,2015-04-12,,100000036,EUR,1909.36,1604.5,304.86,C,A,S,I,D
300000469,17,2015-04-13,3,2015-04-13,,100000043,EUR,12623.52,10608,2015.52,C,A,S,I,D
300000470,2,2015-04-14,20,2015-04-14,,100000044,EUR,9517.53,7997.91,1519.62,R,R,X,I,I
300000471,13,2015-04-15,1,2015-04-15,,100000036,EUR,744.71,625.8,118.91,X,R,X,I,I
300000472,16,2015-04-16,22,2015-04-16,,100000037,EUR,957.47,804.6,152.87,R,R,X,I,I
300000473,1,2015-04-17,27,2015-04-17,,100000042,EUR,7325.64,6156,1169.64,N,I,I,I,I
300000474,31,2015-04-18,31,2015-04-18,,100000038,EUR,949.62,798,151.62,C,A,S,I,D
300000475,33,2015-04-19,32,2015-04-19,,100000044,EUR,11689.25,9822.89,1866.36,N,I,I,I,I
300000476,1,2015-04-20,14,2015-04-20,,100000044,EUR,11689.24,9822.89,1866.35,P,A,S,I,I
300000477,27,2015-04-21,19,2015-04-21,,100000044,EUR,7438.62,6250.93,1187.69,X,R,X,I,I
300000478,24,2015-04-22,31,2015-04-22,,100000042,EUR,8563.24,7196,1367.24,C,A,S,I,D
300000479,6,2015-04-23,2,2015-04-23,,100000041,EUR,1485.12,1248,237.12,P,A,C,I,I
300000480,33,2015-04-24,19,2015-04-24,,100000037,EUR,2354.54,1978.6,375.94,N,I,I,I,I
300000481,31,2015-04-25,20,2015-04-25,,100000041,EUR,1129.31,949,180.31,N,I,I,I,I
300000482,14,2015-04-26,3,2015-04-26,,100000037,EUR,2354.54,1978.6,375.94,C,A,S,I,D
300000483,20,2015-04-27,24,2015-04-27,,100000043,EUR,14575.12,12248,2327.12,X,R,X,I,I
300000484,23,2015-04-28,24,2015-04-28,,100000044,EUR,2218.14,1863.98,354.16,C,A,S,I,D
300000485,32,2015-04-29,19,2015-04-29,,100000036,EUR,4044.22,3398.5,645.72,X,R,X,I,I
300000486,8,2015-04-30,2,2015-04-30,,100000044,EUR,4250.63,3571.96,678.67,N,I,I,I,I
300000487,27,2015-05-01,8,2015-05-01,,100000038,EUR,960.33,807,153.33,N,I,I,I,I
300000488,9,2015-05-02,24,2015-05-02,,100000037,EUR,2432.84,2044.4,388.44,N,I,I,I,I
300000489,20,2015-05-03,14,2015-05-03,,100000037,EUR,1553.67,1305.6,248.07,R,R,X,I,I
300000490,2,2015-05-04,16,2015-05-04,,100000042,EUR,15709.19,13201,2508.19,C,A,S,I,D
300000491,31,2015-05-05,31,2015-05-05,,100000041,EUR,819.91,689,130.91,R,R,X,I,I
300000492,28,2015-05-06,8,2015-05-06,,100000036,EUR,808.84,679.7,129.14,X,R,X,I,I
300000493,8,2015-05-07,27,2015-05-07,,100000038,EUR,489.09,411,78.09,R,R,X,I,I
300000494,18,2015-05-08,18,2015-05-08,,100000043,EUR,15718.71,13209,2509.71,N,I,I,I,I
300000495,19,2015-05-09,28,2015-05-09,,100000044,EUR,9517.53,7997.91,1519.62,R,R,X,I,I
300000496,30,2015-05-10,25,2015-05-10,,100000036,EUR,744.71,625.8,118.91,C,A,S,I,D
300000497,32,2015-05-11,27,2015-05-11,,100000042,EUR,5030.13,4227,803.13,C,A,S,I,D
300000498,2,2015-05-12,10,2015-05-12,,100000037,EUR,1397.06,1174,223.06,P,I,C,I,I
300000499,12,2015-05-13,33,2015-05-13,,100000038,EUR,885.36,744,141.36,N,I,I,I,I
300000500,23,2015-05-14,6,2015-05-14,,100000000,EUR,13224.47,11113,2111.47,X,R,X,I,I
300000501,8,2015-05-15,33,2015-05-15,,100000002,EUR,12493.73,10498.94,1994.79,C,A,S,I,D
300000502,3,2015-05-16,12,2015-05-16,,100000005,EUR,11666.69,9803.94,1862.75,N,I,I,I,I
300000503,31,2015-05-17,17,2015-05-17,,100000006,EUR,16561.23,13917,2644.23,R,R,X,I,I
300000504,32,2015-05-18,15,2015-05-18,,100000006,EUR,12515.23,10517,1998.23,X,R,X,I,I
300000505,13,2015-05-19,13,2015-05-19,,100000008,EUR,8368.08,7032,1336.08,P,I,C,I,I
300000506,18,2015-05-20,21,2015-05-20,,100000003,EUR,6146.19,5164.87,981.32,N,I,I,I,I
300000507,23,2015-05-21,33,2015-05-21,,100000004,EUR,5720.31,4806.98,913.33,N,I,I,I,I
300000508,32,2015-05-22,12,2015-05-22,,100000009,EUR,4444.17,3734.6,709.57,P,I,C,I,I
300000509,5,2015-05-23,17,2015-05-23,,100000000,EUR,3453.38,2902,551.38,N,I,I,I,I
300000510,17,2015-05-24,1,2015-05-24,,100000002,EUR,8150.94,6849.53,1301.41,X,R,X,I,I
300000511,27,2015-05-25,29,2015-05-25,,100000004,EUR,3040.41,2554.97,485.44,R,R,X,I,I
300000512,30,2015-05-26,1,2015-05-26,,100000005,EUR,18986.39,15954.94,3031.45,P,A,S,I,I
300000513,27,2015-05-27,23,2015-05-27,,100000006,EUR,23408.49,19671,3737.49,R,R,X,I,I
300000514,21,2015-05-28,17,2015-05-28,,100000006,EUR,12515.23,10517,1998.23,P,A,S,I,I
300000515,18,2015-05-29,8,2015-05-29,,100000008,EUR,9971.01,8379,1592.01,R,R,X,I,I
300000516,18,2015-05-30,12,2015-05-30,,100000004,EUR,1829.01,1536.98,292.03,N,I,I,I,I
300000517,10,2015-05-31,18,2015-05-31,,100000005,EUR,5055.11,4247.99,807.12,P,I,C,I,I
300000518,15,2015-06-01,5,2015-06-01,,100000002,EUR,2510.26,2109.47,400.79,R,R,X,I,I
300000519,1,2015-06-02,13,2015-06-02,,100000009,EUR,3974.12,3339.6,634.52,C,A,S,I,D
300000520,11,2015-06-03,17,2015-06-03,,100000000,EUR,10329.2,8680,1649.2,R,R,X,I,I
300000521,29,2015-06-04,33,2015-06-04,,100000002,EUR,2153.64,1809.78,343.86,P,A,C,I,I
300000522,27,2015-06-05,3,2015-06-05,,100000006,EUR,14276.43,11997,2279.43,N,I,I,I,I
300000523,5,2015-06-06,4,2015-06-06,,100000008,EUR,3592.61,3019,573.61,P,I,S,I,I
300000524,10,2015-06-07,26,2015-06-07,,100000005,EUR,14640.47,12302.92,2337.55,N,I,I,I,I
300000525,16,2015-06-08,33,2015-06-08,,100000003,EUR,16748.33,14074.23,2674.1,P,I,S,I,I
300000526,28,2015-06-09,30,2015-06-09,,100000003,EUR,13053.03,10968.94,2084.09,X,R,X,I,I
300000527,17,2015-06-10,30,2015-06-10,,100000003,EUR,8555.55,7189.54,1366.01,P,A,S,I,I
300000528,6,2015-06-11,32,2015-06-11,,100000008,EUR,4977.77,4183,794.77,C,A,S,I,D
300000529,23,2015-06-12,20,2015-06-12,,100000004,EUR,3180.85,2672.98,507.87,N,I,I,I,I
300000530,17,2015-06-13,31,2015-06-13,,100000006,EUR,25366.04,21316,4050.04,P,I,C,I,I
300000531,22,2015-06-14,25,2015-06-14,,100000004,EUR,3470,2915.97,554.03,C,A,S,I,D
300000532,16,2015-06-15,14,2015-06-15,,100000006,EUR,23589.37,19823,3766.37,P,A,C,I,I
300000533,22,2015-06-16,18,2015-06-16,,100000009,EUR,4444.17,3734.6,709.57,N,I,I,I,I
300000534,10,2015-06-17,14,2015-06-17,,100000000,EUR,3453.38,2902,551.38,R,R,X,I,I
300000535,10,2015-06-18,29,2015-06-18,,100000002,EUR,8150.94,6849.53,1301.41,R,R,X,I,I
300000536,14,2015-06-19,28,2015-06-19,,100000003,EUR,4372.85,3674.67,698.18,R,R,X,I,I
300000537,2,2015-06-20,10,2015-06-20,,100000005,EUR,18986.39,15954.94,3031.45,X,R,X,I,I
300000538,7,2015-06-21,19,2015-06-21,,100000006,EUR,23408.49,19671,3737.49,R,R,X,I,I
300000539,27,2015-06-22,29,2015-06-22,,100000006,EUR,12515.23,10517,1998.23,C,A,S,I,D
300000540,21,2015-06-23,30,2015-06-23,,100000008,EUR,9971.01,8379,1592.01,P,I,S,I,I
300000541,5,2015-06-24,11,2015-06-24,,100000004,EUR,1829.01,1536.98,292.03,C,A,S,I,D
300000542,27,2015-06-25,14,2015-06-25,,100000002,EUR,3772.29,3169.99,602.3,N,I,I,I,I
300000543,29,2015-06-26,10,2015-06-26,,100000005,EUR,3729.42,3133.97,595.45,N,I,I,I,I
300000544,12,2015-06-27,29,2015-06-27,,100000009,EUR,4878.64,4099.7,778.94,R,R,X,I,I
300000545,29,2015-06-28,15,2015-06-28,,100000000,EUR,9222.5,7750,1472.5,R,R,X,I,I
300000546,15,2015-06-29,29,2015-06-29,,100000002,EUR,3986.25,3349.79,636.46,R,R,X,I,I
300000547,2,2015-06-30,17,2015-06-30,,100000008,EUR,3334.38,2802,532.38,P,I,S,I,I
300000548,24,2015-07-01,16,2015-07-01,,100000006,EUR,15898.4,13360,2538.4,R,R,X,I,I
300000549,30,2015-07-02,16,2015-07-02,,100000005,EUR,14320.39,12033.94,2286.45,R,R,X,I,I
300000550,28,2015-07-03,22,2015-07-03,,100000026,EUR,19189.94,16126,3063.94,C,A,S,I,D
300000551,25,2015-07-04,33,2015-07-04,,100000025,EUR,327367.81,275099,52268.81,R,R,X,I,I
300000552,16,2015-07-05,32,2015-07-05,,100000022,EUR,21399.77,17983,3416.77,R,R,X,I,I
300000553,19,2015-07-06,31,2015-07-06,,100000024,EUR,72391.27,60833,11558.27,N,I,I,I,I
300000554,23,2015-07-07,6,2015-07-07,,100000024,EUR,125233.22,105238,19995.22,P,I,C,I,I
300000555,31,2015-07-08,11,2015-07-08,,100000021,EUR,11030.11,9269,1761.11,P,I,C,I,I
300000556,19,2015-07-09,21,2015-07-09,,100000023,EUR,35817.81,30099,5718.81,C,A,S,I,D
300000557,8,2015-07-10,10,2015-07-10,,100000019,EUR,5488.28,4612,876.28,C,A,S,I,D
300000558,31,2015-07-11,17,2015-07-11,,100000026,EUR,12195.12,10248,1947.12,C,A,S,I,D
300000559,3,2015-07-12,6,2015-07-12,,100000026,EUR,3505.74,2946,559.74,R,R,X,I,I
300000560,31,2015-07-13,7,2015-07-13,,100000025,EUR,297553.55,250045,47508.55,C,A,S,I,D
300000561,9,2015-07-14,9,2015-07-14,,100000019,EUR,2898.84,2436,462.84,C,A,S,I,D
300000562,2,2015-07-15,10,2015-07-15,,100000022,EUR,27716.29,23291,4425.29,C,A,S,I,D
300000563,24,2015-07-16,18,2015-07-16,,100000024,EUR,143791.27,120833,22958.27,R,R,X,I,I
300000564,21,2015-07-17,16,2015-07-17,,100000024,EUR,107524.83,90357,17167.83,X,R,X,I,I
300000565,27,2015-07-18,13,2015-07-18,,100000021,EUR,14147.91,11889,2258.91,R,R,X,I,I
300000566,4,2015-07-19,4,2015-07-19,,100000019,EUR,1652.91,1389,263.91,P,A,C,I,I
300000567,15,2015-07-20,24,2015-07-20,,100000022,EUR,5911.92,4968,943.92,X,R,X,I,I
300000568,24,2015-07-21,27,2015-07-21,,100000025,EUR,148792.84,125036,23756.84,N,I,I,I,I
300000569,1,2015-07-22,31,2015-07-22,,100000026,EUR,5283.6,4440,843.6,R,R,X,I,I
300000570,10,2015-07-23,14,2015-07-23,,100000026,EUR,13964.65,11735,2229.65,N,I,I,I,I
300000571,25,2015-07-24,18,2015-07-24,,100000025,EUR,119010.71,100009,19001.71,C,A,S,I,D
300000572,7,2015-07-25,32,2015-07-25,,100000024,EUR,53974.83,45357,8617.83,X,R,X,I,I
300000573,14,2015-07-26,12,2015-07-26,,100000021,EUR,7676.69,6451,1225.69,P,I,S,I,I
300000574,13,2015-07-27,25,2015-07-27,,100000022,EUR,22006.67,18493,3513.67,X,R,X,I,I
300000575,12,2015-07-28,22,2015-07-28,,100000023,EUR,66745.91,56089,10656.91,N,I,I,I,I
300000576,18,2015-07-29,23,2015-07-29,,100000023,EUR,66745.91,56089,10656.91,P,A,S,I,I
300000577,12,2015-07-30,21,2015-07-30,,100000023,EUR,42474.67,35693,6781.67,P,I,C,I,I
300000578,16,2015-07-31,4,2015-07-31,,100000021,EUR,10558.87,8873,1685.87,R,R,X,I,I
300000579,5,2015-08-01,12,2015-08-01,,100000019,EUR,3525.97,2963,562.97,X,R,X,I,I
300000580,30,2015-08-02,7,2015-08-02,,100000024,EUR,143791.27,120833,22958.27,R,R,X,I,I
300000581,6,2015-08-03,17,2015-08-03,,100000019,EUR,2801.26,2354,447.26,R,R,X,I,I
300000582,2,2015-08-04,18,2015-08-04,,100000024,EUR,143791.27,120833,22958.27,N,I,I,I,I
300000583,4,2015-08-05,30,2015-08-05,,100000026,EUR,8739.36,7344,1395.36,P,I,S,I,I
300000584,4,2015-08-06,21,2015-08-06,,100000026,EUR,6961.5,5850,1111.5,C,A,S,I,D
300000585,24,2015-08-07,2,2015-08-07,,100000025,EUR,148857.1,125090,23767.1,C,A,S,I,D
300000586,4,2015-08-08,2,2015-08-08,,100000023,EUR,24271.24,20396,3875.24,C,A,S,I,D
300000587,22,2015-08-09,11,2015-08-09,,100000022,EUR,30368.8,25520,4848.8,C,A,S,I,D
300000588,19,2015-08-10,18,2015-08-10,,100000024,EUR,126082.88,105952,20130.88,X,R,X,I,I
300000589,27,2015-08-11,26,2015-08-11,,100000024,EUR,54399.66,45714,8685.66,C,A,S,I,D
300000590,13,2015-08-12,33,2015-08-12,,100000021,EUR,15471.19,13001,2470.19,X,R,X,I,I
300000591,29,2015-08-13,7,2015-08-13,,100000019,EUR,1970.64,1656,314.64,P,A,S,I,I
300000592,11,2015-08-14,23,2015-08-14,,100000025,EUR,29771.42,25018,4753.42,P,I,C,I,I
300000593,23,2015-08-15,17,2015-08-15,,100000022,EUR,12430.74,10446,1984.74,N,I,I,I,I
300000594,29,2015-08-16,13,2015-08-16,,100000026,EUR,12186.79,10241,1945.79,P,A,C,I,I
300000595,7,2015-08-17,15,2015-08-17,,100000026,EUR,13964.65,11735,2229.65,P,I,S,I,I
300000596,18,2015-08-18,8,2015-08-18,,100000025,EUR,119010.71,100009,19001.71,R,R,X,I,I
300000597,1,2015-08-19,27,2015-08-19,,100000021,EUR,4676.7,3930,746.7,C,A,S,I,D
300000598,25,2015-08-20,27,2015-08-20,,100000024,EUR,89816.44,75476,14340.44,P,A,C,I,I
300000599,20,2015-08-21,1,2015-08-21,,100000022,EUR,30166.5,25350,4816.5,R,R,X,I,I
300000600,33,2015-08-22,16,2015-08-22,,100000012,EUR,12209.4,10260,1949.4,P,A,S,I,I
300000601,26,2015-08-23,7,2015-08-23,,100000011,EUR,8491.12,7135.4,1355.72,C,A,S,I,D
300000602,13,2015-08-24,33,2015-08-24,,100000015,EUR,2346.68,1972,374.68,X,R,X,I,I
300000603,3,2015-08-25,4,2015-08-25,,100000013,EUR,5933.58,4986.2,947.38,P,A,C,I,I
300000604,5,2015-08-26,10,2015-08-26,,100000013,EUR,5928.1,4981.6,946.5,P,A,S,I,I
300000605,27,2015-08-27,25,2015-08-27,,100000014,EUR,9080.89,7631,1449.89,C,A,S,I,D
300000606,6,2015-08-28,33,2015-08-28,,100000016,EUR,10253.04,8616,1637.04,C,A,S,I,D
300000607,6,2015-08-29,3,2015-08-29,,100000017,EUR,7275.66,6114,1161.66,X,R,X,I,I
300000608,3,2015-08-30,31,2015-08-30,,100000018,EUR,4551.75,3825,726.75,N,I,I,I,I
300000609,24,2015-08-31,30,2015-08-31,,100000012,EUR,3148.74,2646,502.74,X,R,X,I,I
300000610,28,2015-09-01,29,2015-09-01,,100000011,EUR,4955.51,4164.3,791.21,R,R,X,I,I
300000611,14,2015-09-02,14,2015-09-02,,100000017,EUR,4131.68,3472,659.68,N,I,I,I,I
300000612,1,2015-09-03,21,2015-09-03,,100000015,EUR,3420.06,2874,546.06,P,A,S,I,I
300000613,22,2015-09-04,9,2015-09-04,,100000013,EUR,9608.29,8074.2,1534.09,R,R,X,I,I
300000614,15,2015-09-05,28,2015-09-05,,100000013,EUR,6536.55,5492.9,1043.65,X,R,X,I,I
300000615,18,2015-09-06,12,2015-09-06,,100000014,EUR,10980.13,9227,1753.13,P,A,C,I,I
300000616,2,2015-09-07,2,2015-09-07,,100000017,EUR,3996.02,3358,638.02,X,R,X,I,I
300000617,26,2015-09-08,18,2015-09-08,,100000015,EUR,49.98,42,7.98,C,A,S,I,D
300000618,10,2015-09-09,25,2015-09-09,,100000011,EUR,2343.94,1969.7,374.24,P,A,C,I,I
300000619,3,2015-09-10,25,2015-09-10,,100000018,EUR,2595.39,2181,414.39,C,A,S,I,D
300000620,25,2015-09-11,1,2015-09-11,,100000012,EUR,9107.07,7653,1454.07,P,A,C,I,I
300000621,31,2015-09-12,23,2015-09-12,,100000011,EUR,1514.63,1272.8,241.83,P,A,S,I,I
300000622,7,2015-09-13,8,2015-09-13,,100000013,EUR,4288.64,3603.9,684.74,N,I,I,I,I
300000623,11,2015-09-14,25,2015-09-14,,100000014,EUR,4272.1,3590,682.1,P,A,S,I,I
300000624,22,2015-09-15,32,2015-09-15,,100000015,EUR,2446.64,2056,390.64,P,A,C,I,I
300000625,24,2015-09-16,16,2015-09-16,,100000016,EUR,19189.94,16126,3063.94,N,I,I,I,I
300000626,30,2015-09-17,23,2015-09-17,,100000016,EUR,19189.94,16126,3063.94,N,I,I,I,I
300000627,12,2015-09-18,9,2015-09-18,,100000016,EUR,12211.78,10262,1949.78,P,I,C,I,I
300000628,30,2015-09-19,4,2015-09-19,,100000014,EUR,8752.45,7355,1397.45,N,I,I,I,I
300000629,5,2015-09-20,15,2015-09-20,,100000017,EUR,2291.94,1926,365.94,N,I,I,I,I
300000630,1,2015-09-21,21,2015-09-21,,100000013,EUR,11640.81,9782.2,1858.61,X,R,X,I,I
300000631,14,2015-09-22,19,2015-09-22,,100000017,EUR,5971.42,5018,953.42,N,I,I,I,I
300000632,14,2015-09-23,30,2015-09-23,,100000013,EUR,9401.11,7900.1,1501.01,R,R,X,I,I
300000633,4,2015-09-24,1,2015-09-24,,100000018,EUR,3573.57,3003,570.57,X,R,X,I,I
300000634,25,2015-09-25,18,2015-09-25,,100000012,EUR,3148.74,2646,502.74,N,I,I,I,I
300000635,26,2015-09-26,22,2015-09-26,,100000011,EUR,7783.31,6540.6,1242.71,N,I,I,I,I
300000636,17,2015-09-27,10,2015-09-27,,100000016,EUR,6978.16,5864,1114.16,N,I,I,I,I
300000637,6,2015-09-28,6,2015-09-28,,100000015,EUR,3420.06,2874,546.06,R,R,X,I,I
300000638,5,2015-09-29,3,2015-09-29,,100000013,EUR,9608.29,8074.2,1534.09,P,A,C,I,I
300000639,2,2015-09-30,6,2015-09-30,,100000013,EUR,6536.55,5492.9,1043.65,R,R,X,I,I
300000640,21,2015-10-01,10,2015-10-01,,100000014,EUR,10980.13,9227,1753.13,R,R,X,I,I
300000641,5,2015-10-02,31,2015-10-02,,100000017,EUR,3996.02,3358,638.02,N,I,I,I,I
300000642,8,2015-10-03,9,2015-10-03,,100000011,EUR,1909.83,1604.9,304.93,R,R,X,I,I
300000643,26,2015-10-04,33,2015-10-04,,100000015,EUR,2708.44,2276,432.44,N,I,I,I,I
300000644,19,2015-10-05,27,2015-10-05,,100000018,EUR,2990.47,2513,477.47,X,R,X,I,I
300000645,16,2015-10-06,11,2015-10-06,,100000012,EUR,9399.81,7899,1500.81,N,I,I,I,I
300000646,26,2015-10-07,22,2015-10-07,,100000011,EUR,2191.74,1841.8,349.94,X,R,X,I,I
300000647,30,2015-10-08,12,2015-10-08,,100000014,EUR,6379.59,5361,1018.59,R,R,X,I,I
300000648,7,2015-10-09,32,2015-10-09,,100000013,EUR,4704.66,3953.5,751.16,R,R,X,I,I
300000649,5,2015-10-10,30,2015-10-10,,100000015,EUR,3320.1,2790,530.1,C,A,S,I,D
300000650,29,2015-10-11,9,2015-10-11,,100000028,EUR,11951.17,10043,1908.17,N,I,I,I,I
300000651,13,2015-10-12,30,2015-10-12,,100000030,EUR,19844.44,16676,3168.44,C,A,S,I,D
300000652,23,2015-10-13,22,2015-10-13,,100000031,EUR,6676.5,5610.5,1066,C,A,S,I,D
300000653,33,2015-10-14,24,2015-10-14,,100000032,EUR,4589.84,3857,732.84,C,A,S,I,D
300000654,6,2015-10-15,18,2015-10-15,,100000032,EUR,1335.78,1122.5,213.28,P,I,S,I,I
300000655,17,2015-10-16,5,2015-10-16,,100000033,EUR,1552.36,1304.5,247.86,P,A,C,I,I
300000656,12,2015-10-17,24,2015-10-17,,100000034,EUR,5854.8,4920,934.8,X,R,X,I,I
300000657,24,2015-10-18,3,2015-10-18,,100000035,EUR,1123.71,944.3,179.41,X,R,X,I,I
300000658,14,2015-10-19,21,2015-10-19,,100000027,EUR,7225.68,6072,1153.68,N,I,I,I,I
300000659,31,2015-10-20,5,2015-10-20,,100000028,EUR,4312.56,3624,688.56,C,A,S,I,D
300000660,22,2015-10-21,14,2015-10-21,,100000030,EUR,9174.9,7710,1464.9,P,A,S,I,I
300000661,9,2015-10-22,4,2015-10-22,,100000035,EUR,604.04,507.6,96.44,R,R,X,I,I
300000662,23,2015-10-23,14,2015-10-23,,100000031,EUR,9534.88,8012.5,1522.38,P,I,S,I,I
300000663,31,2015-10-24,29,2015-10-24,,100000032,EUR,4606.5,3871,735.5,P,I,S,I,I
300000664,7,2015-10-25,3,2015-10-25,,100000032,EUR,1984.93,1668,316.93,N,I,I,I,I
300000665,3,2015-10-26,26,2015-10-26,,100000033,EUR,1941.5,1631.5,310,P,A,C,I,I
300000666,12,2015-10-27,8,2015-10-27,,100000035,EUR,404.12,339.6,64.52,X,R,X,I,I
300000667,7,2015-10-28,26,2015-10-28,,100000031,EUR,956.76,804,152.76,X,R,X,I,I
300000668,13,2015-10-29,22,2015-10-29,,100000030,EUR,7247.1,6090,1157.1,P,A,C,I,I
300000669,2,2015-10-30,4,2015-10-30,,100000027,EUR,12880.56,10824,2056.56,P,I,S,I,I
300000670,28,2015-10-31,26,2015-10-31,,100000028,EUR,9761.57,8203,1558.57,N,I,I,I,I
300000671,21,2015-11-01,21,2015-11-01,,100000030,EUR,1896.86,1594,302.86,X,R,X,I,I
300000672,9,2015-11-02,8,2015-11-02,,100000032,EUR,1972.43,1657.5,314.93,R,R,X,I,I
300000673,1,2015-11-03,2,2015-11-03,,100000033,EUR,782.43,657.5,124.93,P,I,S,I,I
300000674,17,2015-11-04,27,2015-11-04,,100000031,EUR,9528.94,8007.5,1521.44,P,A,S,I,I
300000675,23,2015-11-05,17,2015-11-05,,100000034,EUR,12042.8,10120,1922.8,X,R,X,I,I
300000676,6,2015-11-06,33,2015-11-06,,100000034,EUR,12042.8,10120,1922.8,C,A,S,I,D
300000677,27,2015-11-07,19,2015-11-07,,100000034,EUR,7663.6,6440,1223.6,N,I,I,I,I
300000678,7,2015-11-08,10,2015-11-08,,100000033,EUR,790.77,664.5,126.27,P,A,S,I,I
300000679,2,2015-11-09,19,2015-11-09,,100000035,EUR,635.22,533.8,101.42,P,I,C,I,I
300000680,5,2015-11-10,8,2015-11-10,,100000032,EUR,4606.5,3871,735.5,C,A,S,I,D
300000681,17,2015-11-11,5,2015-11-11,,100000035,EUR,484.21,406.9,77.31,R,R,X,I,I
300000682,4,2015-11-12,22,2015-11-12,,100000032,EUR,4606.5,3871,735.5,N,I,I,I,I
300000683,24,2015-11-13,2,2015-11-13,,100000027,EUR,10053.12,8448,1605.12,C,A,S,I,D
300000684,24,2015-11-14,16,2015-11-14,,100000028,EUR,2206.26,1854,352.26,N,I,I,I,I
300000685,3,2015-11-15,30,2015-11-15,,100000030,EUR,17885.7,15030,2855.7,X,R,X,I,I
300000686,5,2015-11-16,5,2015-11-16,,100000034,EUR,4379.2,3680,699.2,X,R,X,I,I
300000687,9,2015-11-17,16,2015-11-17,,100000031,EUR,8587.05,7216,1371.05,C,A,S,I,D
300000688,33,2015-11-18,31,2015-11-18,,100000032,EUR,5255.64,4416.5,839.14,R,R,X,I,I
300000689,33,2015-11-19,5,2015-11-19,,100000032,EUR,3932.37,3304.5,627.87,N,I,I,I,I
300000690,17,2015-11-20,2,2015-11-20,,100000033,EUR,1755.26,1475,280.26,R,R,X,I,I
300000691,31,2015-11-21,16,2015-11-21,,100000035,EUR,350.93,294.9,56.03,P,A,S,I,I
300000692,26,2015-11-22,15,2015-11-22,,100000030,EUR,3577.14,3006,571.14,C,A,S,I,D
300000693,1,2015-11-23,19,2015-11-23,,100000031,EUR,4765.96,4005,760.96,C,A,S,I,D
300000694,25,2015-11-24,1,2015-11-24,,100000027,EUR,5798.87,4873,925.87,C,A,S,I,D
300000695,33,2015-11-25,10,2015-11-25,,100000028,EUR,9761.57,8203,1558.57,R,R,X,I,I
300000696,15,2015-11-26,22,2015-11-26,,100000030,EUR,1896.86,1594,302.86,X,R,X,I,I
300000697,20,2015-11-27,1,2015-11-27,,100000033,EUR,583.7,490.5,93.2,R,R,X,I,I
300000698,25,2015-11-28,28,2015-11-28,,100000032,EUR,2634.07,2213.5,420.57,N,I,I,I,I
300000699,23,2015-11-29,19,2015-11-29,,100000031,EUR,7636.24,6417,1219.24,P,A,S,I,I
300000700,8,2015-11-30,22,2015-11-30,,100000044,EUR,11689.24,9822.89,1866.35,N,I,I,I,I
300000701,31,2015-12-01,20,2015-12-01,,100000036,EUR,4983.37,4187.7,795.67,C,A,S,I,D
300000702,12,2015-12-02,23,2015-12-02,,100000038,EUR,724.71,609,115.71,R,R,X,I,I
300000703,15,2015-12-03,1,2015-12-03,,100000037,EUR,1872.82,1573.8,299.02,C,A,S,I,D
300000704,11,2015-12-04,32,2015-12-04,,100000037,EUR,1240.46,1042.4,198.06,P,A,C,I,I
300000705,24,2015-12-05,33,2015-12-05,,100000042,EUR,12794.88,10752,2042.88,N,I,I,I,I
300000706,3,2015-12-06,21,2015-12-06,,100000044,EUR,1294.71,1087.99,206.72,C,A,S,I,D
300000707,22,2015-12-07,28,2015-12-07,,100000041,EUR,2645.37,2223,422.37,X,R,X,I,I
300000708,25,2015-12-08,29,2015-12-08,,100000043,EUR,16526.72,13888,2638.72,C,A,S,I,D
300000709,15,2015-12-09,6,2015-12-09,,100000044,EUR,4157.82,3493.96,663.86,R,R,X,I,I
300000710,18,2015-12-10,28,2015-12-10,,100000036,EUR,2751.29,2312,439.29,P,I,S,I,I
300000711,11,2015-12-11,21,2015-12-11,,100000041,EUR,1423.24,1196,227.24,N,I,I,I,I
300000712,26,2015-12-12,13,2015-12-12,,100000038,EUR,1006.74,846,160.74,P,I,S,I,I
300000713,15,2015-12-13,32,2015-12-13,,100000037,EUR,2354.54,1978.6,375.94,R,R,X,I,I
300000714,5,2015-12-14,1,2015-12-14,,100000037,EUR,1318.76,1108.2,210.56,P,A,S,I,I
300000715,10,2015-12-15,2,2015-12-15,,100000042,EUR,16148.3,13570,2578.3,N,I,I,I,I
300000716,31,2015-12-16,23,2015-12-16,,100000041,EUR,959.14,806,153.14,P,I,C,I,I
300000717,6,2015-12-17,14,2015-12-17,,100000038,EUR,132.09,111,21.09,N,I,I,I,I
300000718,21,2015-12-18,10,2015-12-18,,100000036,EUR,1909.36,1604.5,304.86,R,R,X,I,I
300000719,14,2015-12-19,25,2015-12-19,,100000043,EUR,12623.52,10608,2015.52,X,R,X,I,I
300000720,10,2015-12-20,23,2015-12-20,,100000044,EUR,9517.53,7997.91,1519.62,P,A,C,I,I
300000721,32,2015-12-21,8,2015-12-21,,100000036,EUR,744.71,625.8,118.91,P,A,C,I,I
300000722,1,2015-12-22,33,2015-12-22,,100000037,EUR,957.47,804.6,152.87,P,A,C,I,I
300000723,25,2015-12-23,8,2015-12-23,,100000042,EUR,7325.64,6156,1169.64,C,A,S,I,D
300000724,23,2015-12-24,9,2015-12-24,,100000038,EUR,949.62,798,151.62,P,I,S,I,I
300000725,24,2015-12-25,31,2015-12-25,,100000044,EUR,11689.25,9822.89,1866.36,R,R,X,I,I
300000726,31,2015-12-26,14,2015-12-26,,100000044,EUR,11689.24,9822.89,1866.35,X,R,X,I,I
300000727,30,2015-12-27,14,2015-12-27,,100000044,EUR,7438.62,6250.93,1187.69,R,R,X,I,I
300000728,25,2015-12-28,13,2015-12-28,,100000042,EUR,8563.24,7196,1367.24,R,R,X,I,I
300000729,31,2015-12-29,28,2015-12-29,,100000041,EUR,1485.12,1248,237.12,R,R,X,I,I
300000730,24,2015-12-30,18,2015-12-30,,100000037,EUR,2354.54,1978.6,375.94,P,A,C,I,I
300000731,15,2015-12-31,21,2015-12-31,,100000041,EUR,1129.31,949,180.31,R,R,X,I,I
300000732,25,2015-01-01,19,2015-01-01,,100000037,EUR,2354.54,1978.6,375.94,N,I,I,I,I
300000733,4,2015-01-02,10,2015-01-02,,100000043,EUR,14575.12,12248,2327.12,R,R,X,I,I
300000734,7,2015-01-03,19,2015-01-03,,100000044,EUR,2218.14,1863.98,354.16,C,A,S,I,D
300000735,16,2015-01-04,22,2015-01-04,,100000036,EUR,4044.22,3398.5,645.72,X,R,X,I,I
300000736,2,2015-01-05,8,2015-01-05,,100000044,EUR,4250.63,3571.96,678.67,X,R,X,I,I
300000737,18,2015-01-06,3,2015-01-06,,100000038,EUR,960.33,807,153.33,P,I,C,I,I
300000738,1,2015-01-07,1,2015-01-07,,100000037,EUR,2432.84,2044.4,388.44,C,A,S,I,D
300000739,31,2015-01-08,11,2015-01-08,,100000037,EUR,1553.67,1305.6,248.07,N,I,I,I,I
300000740,5,2015-01-09,1,2015-01-09,,100000042,EUR,15709.19,13201,2508.19,C,A,S,I,D
300000741,31,2015-01-10,26,2015-01-10,,100000041,EUR,819.91,689,130.91,C,A,S,I,D
300000742,22,2015-01-11,19,2015-01-11,,100000036,EUR,808.84,679.7,129.14,C,A,S,I,D
300000743,10,2015-01-12,31,2015-01-12,,100000038,EUR,489.09,411,78.09,X,R,X,I,I
300000744,19,2015-01-13,20,2015-01-13,,100000043,EUR,15718.71,13209,2509.71,C,A,S,I,D
300000745,20,2015-01-14,3,2015-01-14,,100000044,EUR,9517.53,7997.91,1519.62,C,A,S,I,D
300000746,15,2015-01-15,5,2015-01-15,,100000036,EUR,744.71,625.8,118.91,P,A,S,I,I
300000747,18,2015-01-16,3,2015-01-16,,100000042,EUR,5030.13,4227,803.13,X,R,X,I,I
300000748,11,2015-01-17,6,2015-01-17,,100000037,EUR,1397.06,1174,223.06,R,R,X,I,I
300000749,32,2015-01-18,14,2015-01-18,,100000038,EUR,885.36,744,141.36,P,A,S,I,I
300000750,26,2015-01-19,31,2015-01-19,,100000000,EUR,13224.47,11113,2111.47,C,A,S,I,D
300000751,27,2015-01-20,33,2015-01-20,,100000002,EUR,12493.73,10498.94,1994.79,C,A,S,I,D
300000752,15,2015-01-21,14,2015-01-21,,100000005,EUR,11666.69,9803.94,1862.75,X,R,X,I,I
300000753,33,2015-01-22,19,2015-01-22,,100000006,EUR,16561.23,13917,2644.23,R,R,X,I,I
300000754,1,2015-01-23,6,2015-01-23,,100000006,EUR,12515.23,10517,1998.23,N,I,I,I,I
300000755,24,2015-01-24,13,2015-01-24,,100000008,EUR,8368.08,7032,1336.08,C,A,S,I,D
300000756,19,2015-01-25,16,2015-01-25,,100000003,EUR,6146.19,5164.87,981.32,R,R,X,I,I
300000757,7,2015-01-26,15,2015-01-26,,100000004,EUR,5720.31,4806.98,913.33,R,R,X,I,I
300000758,29,2015-01-27,12,2015-01-27,,100000009,EUR,4444.17,3734.6,709.57,C,A,S,I,D
300000759,7,2015-01-28,31,2015-01-28,,100000000,EUR,3453.38,2902,551.38,P,A,S,I,I
300000760,16,2015-01-29,13,2015-01-29,,100000002,EUR,8150.94,6849.53,1301.41,R,R,X,I,I
300000761,19,2015-01-30,8,2015-01-30,,100000004,EUR,3040.41,2554.97,485.44,R,R,X,I,I
300000762,18,2015-01-31,7,2015-01-31,,100000005,EUR,18986.39,15954.94,3031.45,C,A,S,I,D
300000763,32,2015-02-01,19,2015-02-01,,100000006,EUR,23408.49,19671,3737.49,C,A,S,I,D
300000764,32,2015-02-02,29,2015-02-02,,100000006,EUR,12515.23,10517,1998.23,N,I,I,I,I
300000765,9,2015-02-03,6,2015-02-03,,100000008,EUR,9971.01,8379,1592.01,P,I,C,I,I
300000766,3,2015-02-04,20,2015-02-04,,100000004,EUR,1829.01,1536.98,292.03,X,R,X,I,I
300000767,18,2015-02-05,15,2015-02-05,,100000005,EUR,5055.11,4247.99,807.12,P,A,S,I,I
300000768,12,2015-02-06,14,2015-02-06,,100000002,EUR,2510.26,2109.47,400.79,P,A,C,I,I
300000769,23,2015-02-07,19,2015-02-07,,100000009,EUR,3974.12,3339.6,634.52,P,A,C,I,I
300000770,19,2015-02-08,10,2015-02-08,,100000000,EUR,10329.2,8680,1649.2,R,R,X,I,I
300000771,24,2015-02-09,29,2015-02-09,,100000002,EUR,2153.64,1809.78,343.86,C,A,S,I,D
300000772,21,2015-02-10,33,2015-02-10,,100000006,EUR,14276.43,11997,2279.43,N,I,I,I,I
300000773,16,2015-02-11,25,2015-02-11,,100000008,EUR,3592.61,3019,573.61,X,R,X,I,I
300000774,2,2015-02-12,13,2015-02-12,,100000005,EUR,14640.47,12302.92,2337.55,P,I,C,I,I
300000775,30,2015-02-13,21,2015-02-13,,100000003,EUR,16748.33,14074.23,2674.1,N,I,I,I,I
300000776,11,2015-02-14,2,2015-02-14,,100000003,EUR,13053.03,10968.94,2084.09,R,R,X,I,I
300000777,13,2015-02-15,14,2015-02-15,,100000003,EUR,8555.55,7189.54,1366.01,N,I,I,I,I
300000778,7,2015-02-16,31,2015-02-16,,100000008,EUR,4977.77,4183,794.77,R,R,X,I,I
300000779,9,2015-02-17,2,2015-02-17,,100000004,EUR,3180.85,2672.98,507.87,N,I,I,I,I
300000780,4,2015-02-18,13,2015-02-18,,100000006,EUR,25366.04,21316,4050.04,C,A,S,I,D
300000781,23,2015-02-19,33,2015-02-19,,100000004,EUR,3470,2915.97,554.03,R,R,X,I,I
300000782,23,2015-02-20,3,2015-02-20,,100000006,EUR,23589.37,19823,3766.37,N,I,I,I,I
300000783,12,2015-02-21,7,2015-02-21,,100000009,EUR,4444.17,3734.6,709.57,R,R,X,I,I
300000784,4,2015-02-22,33,2015-02-22,,100000000,EUR,3453.38,2902,551.38,R,R,X,I,I
300000785,20,2015-02-23,32,2015-02-23,,100000002,EUR,8150.94,6849.53,1301.41,N,I,I,I,I
300000786,3,2015-02-24,12,2015-02-24,,100000003,EUR,4372.85,3674.67,698.18,P,A,S,I,I
300000787,21,2015-02-25,29,2015-02-25,,100000005,EUR,18986.39,15954.94,3031.45,N,I,I,I,I
300000788,21,2015-02-26,25,2015-02-26,,100000006,EUR,23408.49,19671,3737.49,R,R,X,I,I
300000789,33,2015-02-27,15,2015-02-27,,100000006,EUR,12515.23,10517,1998.23,R,R,X,I,I
300000790,18,2015-02-28,1,2015-02-28,,100000008,EUR,9971.01,8379,1592.01,X,R,X,I,I
300000791,9,2015-02-28,19,2015-02-28,,100000004,EUR,1829.01,1536.98,292.03,R,R,X,I,I
300000792,6,2015-03-01,12,2015-03-01,,100000002,EUR,3772.29,3169.99,602.3,R,R,X,I,I
300000793,9,2015-03-02,16,2015-03-02,,100000005,EUR,3729.42,3133.97,595.45,C,A,S,I,D
300000794,22,2015-03-03,11,2015-03-03,,100000009,EUR,4878.64,4099.7,778.94,R,R,X,I,I
300000795,18,2015-03-04,4,2015-03-04,,100000000,EUR,9222.5,7750,1472.5,N,I,I,I,I
300000796,33,2015-03-05,15,2015-03-05,,100000002,EUR,3986.25,3349.79,636.46,N,I,I,I,I
300000797,19,2015-03-06,19,2015-03-06,,100000008,EUR,3334.38,2802,532.38,C,A,S,I,D
300000798,27,2015-03-07,16,2015-03-07,,100000006,EUR,15898.4,13360,2538.4,N,I,I,I,I
300000799,22,2015-03-08,9,2015-03-08,,100000005,EUR,14320.39,12033.94,2286.45,N,I,I,I,I
300000800,23,2015-03-09,24,2015-03-09,,100000026,EUR,19189.94,16126,3063.94,R,R,X,I,I
300000801,18,2015-03-10,4,2015-03-10,,100000025,EUR,327367.81,275099,52268.81,N,I,I,I,I
300000802,33,2015-03-11,26,2015-03-11,,100000022,EUR,21399.77,17983,3416.77,X,R,X,I,I
300000803,2,2015-03-12,9,2015-03-12,,100000024,EUR,72391.27,60833,11558.27,R,R,X,I,I
300000804,20,2015-03-13,15,2015-03-13,,100000024,EUR,125233.22,105238,19995.22,N,I,I,I,I
300000805,17,2015-03-14,18,2015-03-14,,100000021,EUR,11030.11,9269,1761.11,C,A,S,I,D
300000806,18,2015-03-15,31,2015-03-15,,100000023,EUR,35817.81,30099,5718.81,R,R,X,I,I
300000807,25,2015-03-16,17,2015-03-16,,100000019,EUR,5488.28,4612,876.28,P,A,S,I,I
300000808,11,2015-03-17,17,2015-03-17,,100000026,EUR,12195.12,10248,1947.12,N,I,I,I,I
300000809,20,2015-03-18,4,2015-03-18,,100000026,EUR,3505.74,2946,559.74,C,A,S,I,D
300000810,9,2015-03-19,23,2015-03-19,,100000025,EUR,297553.55,250045,47508.55,R,R,X,I,I
300000811,32,2015-03-20,33,2015-03-20,,100000019,EUR,2898.84,2436,462.84,R,R,X,I,I
300000812,22,2015-03-21,8,2015-03-21,,100000022,EUR,27716.29,23291,4425.29,C,A,S,I,D
300000813,30,2015-03-22,27,2015-03-22,,100000024,EUR,143791.27,120833,22958.27,N,I,I,I,I
300000814,28,2015-03-23,16,2015-03-23,,100000024,EUR,107524.83,90357,17167.83,R,R,X,I,I
300000815,24,2015-03-24,6,2015-03-24,,100000021,EUR,14147.91,11889,2258.91,X,R,X,I,I
300000816,26,2015-03-25,20,2015-03-25,,100000019,EUR,1652.91,1389,263.91,N,I,I,I,I
300000817,32,2015-03-26,23,2015-03-26,,100000022,EUR,5911.92,4968,943.92,N,I,I,I,I
300000818,7,2015-03-27,4,2015-03-27,,100000025,EUR,148792.84,125036,23756.84,N,I,I,I,I
300000819,4,2015-03-28,6,2015-03-28,,100000026,EUR,5283.6,4440,843.6,X,R,X,I,I
300000820,19,2015-03-29,27,2015-03-29,,100000026,EUR,13964.65,11735,2229.65,X,R,X,I,I
300000821,1,2015-03-30,26,2015-03-30,,100000025,EUR,119010.71,100009,19001.71,P,A,S,I,I
300000822,19,2015-03-31,5,2015-03-31,,100000024,EUR,53974.83,45357,8617.83,N,I,I,I,I
300000823,18,2015-04-01,15,2015-04-01,,100000021,EUR,7676.69,6451,1225.69,N,I,I,I,I
300000824,2,2015-04-02,32,2015-04-02,,100000022,EUR,22006.67,18493,3513.67,C,A,S,I,D
300000825,29,2015-04-03,30,2015-04-03,,100000023,EUR,66745.91,56089,10656.91,C,A,S,I,D
300000826,21,2015-04-04,10,2015-04-04,,100000023,EUR,66745.91,56089,10656.91,R,R,X,I,I
300000827,30,2015-04-05,19,2015-04-05,,100000023,EUR,42474.67,35693,6781.67,X,R,X,I,I
300000828,33,2015-04-06,17,2015-04-06,,100000021,EUR,10558.87,8873,1685.87,R,R,X,I,I
300000829,33,2015-04-07,31,2015-04-07,,100000019,EUR,3525.97,2963,562.97,R,R,X,I,I
300000830,31,2015-04-08,7,2015-04-08,,100000024,EUR,143791.27,120833,22958.27,R,R,X,I,I
300000831,14,2015-04-09,15,2015-04-09,,100000019,EUR,2801.26,2354,447.26,P,I,C,I,I
300000832,3,2015-04-10,14,2015-04-10,,100000024,EUR,143791.27,120833,22958.27,C,A,S,I,D
300000833,16,2015-04-11,13,2015-04-11,,100000026,EUR,8739.36,7344,1395.36,P,A,S,I,I
300000834,3,2015-04-12,15,2015-04-12,,100000026,EUR,6961.5,5850,1111.5,C,A,S,I,D
300000835,14,2015-04-13,21,2015-04-13,,100000025,EUR,148857.1,125090,23767.1,N,I,I,I,I
300000836,25,2015-04-14,20,2015-04-14,,100000023,EUR,24271.24,20396,3875.24,X,R,X,I,I
300000837,16,2015-04-15,17,2015-04-15,,100000022,EUR,30368.8,25520,4848.8,N,I,I,I,I
300000838,13,2015-04-16,3,2015-04-16,,100000024,EUR,126082.88,105952,20130.88,R,R,X,I,I
300000839,24,2015-04-17,31,2015-04-17,,100000024,EUR,54399.66,45714,8685.66,C,A,S,I,D
300000840,32,2015-04-18,18,2015-04-18,,100000021,EUR,15471.19,13001,2470.19,P,A,S,I,I
300000841,33,2015-04-19,19,2015-04-19,,100000019,EUR,1970.64,1656,314.64,C,A,S,I,D
300000842,32,2015-04-20,18,2015-04-20,,100000025,EUR,29771.42,25018,4753.42,R,R,X,I,I
300000843,9,2015-04-21,15,2015-04-21,,100000022,EUR,12430.74,10446,1984.74,C,A,S,I,D
300000844,16,2015-04-22,26,2015-04-22,,100000026,EUR,12186.79,10241,1945.79,C,A,S,I,D
300000845,5,2015-04-23,18,2015-04-23,,100000026,EUR,13964.65,11735,2229.65,N,I,I,I,I
300000846,26,2015-04-24,26,2015-04-24,,100000025,EUR,119010.71,100009,19001.71,C,A,S,I,D
300000847,29,2015-04-25,24,2015-04-25,,100000021,EUR,4676.7,3930,746.7,R,R,X,I,I
300000848,32,2015-04-26,6,2015-04-26,,100000024,EUR,89816.44,75476,14340.44,N,I,I,I,I
300000849,23,2015-04-27,30,2015-04-27,,100000022,EUR,30166.5,25350,4816.5,R,R,X,I,I
300000850,28,2015-04-28,11,2015-04-28,,100000012,EUR,12209.4,10260,1949.4,X,R,X,I,I
300000851,1,2015-04-29,17,2015-04-29,,100000011,EUR,8491.12,7135.4,1355.72,C,A,S,I,D
300000852,28,2015-04-30,32,2015-04-30,,100000015,EUR,2346.68,1972,374.68,C,A,S,I,D
300000853,23,2015-05-01,6,2015-05-01,,100000013,EUR,5933.58,4986.2,947.38,X,R,X,I,I
300000854,17,2015-05-02,26,2015-05-02,,100000013,EUR,5928.1,4981.6,946.5,P,A,C,I,I
300000855,29,2015-05-03,5,2015-05-03,,100000014,EUR,9080.89,7631,1449.89,R,R,X,I,I
300000856,9,2015-05-04,24,2015-05-04,,100000016,EUR,10253.04,8616,1637.04,C,A,S,I,D
300000857,4,2015-05-05,2,2015-05-05,,100000017,EUR,7275.66,6114,1161.66,X,R,X,I,I
300000858,24,2015-05-06,24,2015-05-06,,100000018,EUR,4551.75,3825,726.75,N,I,I,I,I
300000859,24,2015-05-07,21,2015-05-07,,100000012,EUR,3148.74,2646,502.74,C,A,S,I,D
300000860,33,2015-05-08,1,2015-05-08,,100000011,EUR,4955.51,4164.3,791.21,R,R,X,I,I
300000861,17,2015-05-09,2,2015-05-09,,100000017,EUR,4131.68,3472,659.68,C,A,S,I,D
300000862,26,2015-05-10,14,2015-05-10,,100000015,EUR,3420.06,2874,546.06,R,R,X,I,I
300000863,6,2015-05-11,13,2015-05-11,,100000013,EUR,9608.29,8074.2,1534.09,C,A,S,I,D
300000864,33,2015-05-12,1,2015-05-12,,100000013,EUR,6536.55,5492.9,1043.65,R,R,X,I,I
300000865,31,2015-05-13,32,2015-05-13,,100000014,EUR,10980.13,9227,1753.13,P,A,C,I,I
300000866,33,2015-05-14,33,2015-05-14,,100000017,EUR,3996.02,3358,638.02,N,I,I,I,I
300000867,26,2015-05-15,28,2015-05-15,,100000015,EUR,49.98,42,7.98,C,A,S,I,D
300000868,3,2015-05-16,29,2015-05-16,,100000011,EUR,2343.94,1969.7,374.24,P,A,S,I,I
300000869,33,2015-05-17,17,2015-05-17,,100000018,EUR,2595.39,2181,414.39,N,I,I,I,I
300000870,25,2015-05-18,17,2015-05-18,,100000012,EUR,9107.07,7653,1454.07,N,I,I,I,I
300000871,6,2015-05-19,18,2015-05-19,,100000011,EUR,1514.63,1272.8,241.83,R,R,X,I,I
300000872,26,2015-05-20,3,2015-05-20,,100000013,EUR,4288.64,3603.9,684.74,R,R,X,I,I
300000873,29,2015-05-21,16,2015-05-21,,100000014,EUR,4272.1,3590,682.1,C,A,S,I,D
300000874,26,2015-05-22,15,2015-05-22,,100000015,EUR,2446.64,2056,390.64,C,A,S,I,D
300000875,17,2015-05-23,30,2015-05-23,,100000016,EUR,19189.94,16126,3063.94,N,I,I,I,I
300000876,19,2015-05-24,22,2015-05-24,,100000016,EUR,19189.94,16126,3063.94,R,R,X,I,I
300000877,30,2015-05-25,12,2015-05-25,,100000016,EUR,12211.78,10262,1949.78,N,I,I,I,I
300000878,31,2015-05-26,16,2015-05-26,,100000014,EUR,8752.45,7355,1397.45,X,R,X,I,I
300000879,9,2015-05-27,6,2015-05-27,,100000017,EUR,2291.94,1926,365.94,P,A,C,I,I
300000880,23,2015-05-28,7,2015-05-28,,100000013,EUR,11640.81,9782.2,1858.61,R,R,X,I,I
300000881,15,2015-05-29,2,2015-05-29,,100000017,EUR,5971.42,5018,953.42,C,A,S,I,D
300000882,16,2015-05-30,25,2015-05-30,,100000013,EUR,9401.11,7900.1,1501.01,C,A,S,I,D
300000883,25,2015-05-31,10,2015-05-31,,100000018,EUR,3573.57,3003,570.57,P,I,C,I,I
300000884,1,2015-06-01,26,2015-06-01,,100000012,EUR,3148.74,2646,502.74,X,R,X,I,I
300000885,10,2015-06-02,15,2015-06-02,,100000011,EUR,7783.31,6540.6,1242.71,P,A,C,I,I
300000886,7,2015-06-03,8,2015-06-03,,100000016,EUR,6978.16,5864,1114.16,X,R,X,I,I
300000887,29,2015-06-04,8,2015-06-04,,100000015,EUR,3420.06,2874,546.06,C,A,S,I,D
300000888,2,2015-06-05,8,2015-06-05,,100000013,EUR,9608.29,8074.2,1534.09,X,R,X,I,I
300000889,1,2015-06-06,10,2015-06-06,,100000013,EUR,6536.55,5492.9,1043.65,X,R,X,I,I
300000890,10,2015-06-07,26,2015-06-07,,100000014,EUR,10980.13,9227,1753.13,P,A,S,I,I
300000891,33,2015-06-08,29,2015-06-08,,100000017,EUR,3996.02,3358,638.02,X,R,X,I,I
300000892,24,2015-06-09,4,2015-06-09,,100000011,EUR,1909.83,1604.9,304.93,P,A,C,I,I
300000893,8,2015-06-10,11,2015-06-10,,100000015,EUR,2708.44,2276,432.44,C,A,S,I,D
300000894,17,2015-06-11,21,2015-06-11,,100000018,EUR,2990.47,2513,477.47,P,I,C,I,I
300000895,9,2015-06-12,10,2015-06-12,,100000012,EUR,9399.81,7899,1500.81,R,R,X,I,I
300000896,8,2015-06-13,13,2015-06-13,,100000011,EUR,2191.74,1841.8,349.94,N,I,I,I,I
300000897,15,2015-06-14,16,2015-06-14,,100000014,EUR,6379.59,5361,1018.59,X,R,X,I,I
300000898,19,2015-06-15,20,2015-06-15,,100000013,EUR,4704.66,3953.5,751.16,N,I,I,I,I
300000899,7,2015-06-16,14,2015-06-16,,100000015,EUR,3320.1,2790,530.1,P,A,C,I,I
300000900,5,2015-06-17,24,2015-06-17,,100000028,EUR,11951.17,10043,1908.17,R,R,X,I,I
300000901,14,2015-06-18,19,2015-06-18,,100000030,EUR,19844.44,16676,3168.44,N,I,I,I,I
300000902,32,2015-06-19,21,2015-06-19,,100000031,EUR,6676.5,5610.5,1066,P,I,S,I,I
300000903,29,2015-06-20,7,2015-06-20,,100000032,EUR,4589.84,3857,732.84,C,A,S,I,D
300000904,3,2015-06-21,26,2015-06-21,,100000032,EUR,1335.78,1122.5,213.28,C,A,S,I,D
300000905,17,2015-06-22,26,2015-06-22,,100000033,EUR,1552.36,1304.5,247.86,N,I,I,I,I
300000906,9,2015-06-23,14,2015-06-23,,100000034,EUR,5854.8,4920,934.8,X,R,X,I,I
300000907,30,2015-06-24,13,2015-06-24,,100000035,EUR,1123.71,944.3,179.41,P,A,S,I,I
300000908,25,2015-06-25,8,2015-06-25,,100000027,EUR,7225.68,6072,1153.68,N,I,I,I,I
300000909,33,2015-06-26,5,2015-06-26,,100000028,EUR,4312.56,3624,688.56,C,A,S,I,D
300000910,11,2015-06-27,20,2015-06-27,,100000030,EUR,9174.9,7710,1464.9,P,I,S,I,I
300000911,3,2015-06-28,2,2015-06-28,,100000035,EUR,604.04,507.6,96.44,N,I,I,I,I
300000912,20,2015-06-29,20,2015-06-29,,100000031,EUR,9534.88,8012.5,1522.38,C,A,S,I,D
300000913,13,2015-06-30,3,2015-06-30,,100000032,EUR,4606.5,3871,735.5,R,R,X,I,I
300000914,21,2015-07-01,8,2015-07-01,,100000032,EUR,1984.93,1668,316.93,C,A,S,I,D
300000915,2,2015-07-02,19,2015-07-02,,100000033,EUR,1941.5,1631.5,310,N,I,I,I,I
300000916,10,2015-07-03,5,2015-07-03,,100000035,EUR,404.12,339.6,64.52,P,A,S,I,I
300000917,30,2015-07-04,28,2015-07-04,,100000031,EUR,956.76,804,152.76,C,A,S,I,D
300000918,28,2015-07-05,32,2015-07-05,,100000030,EUR,7247.1,6090,1157.1,C,A,S,I,D
300000919,22,2015-07-06,21,2015-07-06,,100000027,EUR,12880.56,10824,2056.56,C,A,S,I,D
300000920,12,2015-07-07,29,2015-07-07,,100000028,EUR,9761.57,8203,1558.57,P,A,S,I,I
300000921,11,2015-07-08,32,2015-07-08,,100000030,EUR,1896.86,1594,302.86,P,I,S,I,I
300000922,19,2015-07-09,7,2015-07-09,,100000032,EUR,1972.43,1657.5,314.93,R,R,X,I,I
300000923,11,2015-07-10,3,2015-07-10,,100000033,EUR,782.43,657.5,124.93,P,I,C,I,I
300000924,18,2015-07-11,7,2015-07-11,,100000031,EUR,9528.94,8007.5,1521.44,X,R,X,I,I
300000925,3,2015-07-12,2,2015-07-12,,100000034,EUR,12042.8,10120,1922.8,P,I,S,I,I
300000926,13,2015-07-13,2,2015-07-13,,100000034,EUR,12042.8,10120,1922.8,R,R,X,I,I
300000927,10,2015-07-14,20,2015-07-14,,100000034,EUR,7663.6,6440,1223.6,X,R,X,I,I
300000928,6,2015-07-15,10,2015-07-15,,100000033,EUR,790.77,664.5,126.27,P,A,S,I,I
300000929,10,2015-07-16,27,2015-07-16,,100000035,EUR,635.22,533.8,101.42,R,R,X,I,I
300000930,6,2015-07-17,11,2015-07-17,,100000032,EUR,4606.5,3871,735.5,R,R,X,I,I
300000931,26,2015-07-18,1,2015-07-18,,100000035,EUR,484.21,406.9,77.31,P,I,C,I,I
300000932,8,2015-07-19,18,2015-07-19,,100000032,EUR,4606.5,3871,735.5,R,R,X,I,I
300000933,30,2015-07-20,32,2015-07-20,,100000027,EUR,10053.12,8448,1605.12,N,I,I,I,I
300000934,24,2015-07-21,1,2015-07-21,,100000028,EUR,2206.26,1854,352.26,P,I,S,I,I
300000935,27,2015-07-22,10,2015-07-22,,100000030,EUR,17885.7,15030,2855.7,C,A,S,I,D
300000936,26,2015-07-23,20,2015-07-23,,100000034,EUR,4379.2,3680,699.2,C,A,S,I,D
300000937,10,2015-07-24,5,2015-07-24,,100000031,EUR,8587.05,7216,1371.05,R,R,X,I,I
300000938,6,2015-07-25,26,2015-07-25,,100000032,EUR,5255.64,4416.5,839.14,R,R,X,I,I
300000939,31,2015-07-26,2,2015-07-26,,100000032,EUR,3932.37,3304.5,627.87,R,R,X,I,I
300000940,21,2015-07-27,1,2015-07-27,,100000033,EUR,1755.26,1475,280.26,N,I,I,I,I
300000941,33,2015-07-28,28,2015-07-28,,100000035,EUR,350.93,294.9,56.03,X,R,X,I,I
300000942,19,2015-07-29,20,2015-07-29,,100000030,EUR,3577.14,3006,571.14,C,A,S,I,D
300000943,7,2015-07-30,19,2015-07-30,,100000031,EUR,4765.96,4005,760.96,X,R,X,I,I
300000944,7,2015-07-31,28,2015-07-31,,100000027,EUR,5798.87,4873,925.87,X,R,X,I,I
300000945,9,2015-08-01,9,2015-08-01,,100000028,EUR,9761.57,8203,1558.57,R,R,X,I,I
300000946,10,2015-08-02,11,2015-08-02,,100000030,EUR,1896.86,1594,302.86,C,A,S,I,D
300000947,26,2015-08-03,22,2015-08-03,,100000033,EUR,583.7,490.5,93.2,N,I,I,I,I
300000948,4,2015-08-04,15,2015-08-04,,100000032,EUR,2634.07,2213.5,420.57,R,R,X,I,I
300000949,14,2015-08-05,17,2015-08-05,,100000031,EUR,7636.24,6417,1219.24,R,R,X,I,I
300000950,21,2015-08-06,2,2015-08-06,,100000044,EUR,11689.24,9822.89,1866.35,R,R,X,I,I
300000951,30,2015-08-07,31,2015-08-07,,100000036,EUR,4983.37,4187.7,795.67,X,R,X,I,I
300000952,18,2015-08-08,33,2015-08-08,,100000038,EUR,724.71,609,115.71,X,R,X,I,I
300000953,25,2015-08-09,30,2015-08-09,,100000037,EUR,1872.82,1573.8,299.02,C,A,S,I,D
300000954,2,2015-08-10,32,2015-08-10,,100000037,EUR,1240.46,1042.4,198.06,C,A,S,I,D
300000955,13,2015-08-11,9,2015-08-11,,100000042,EUR,12794.88,10752,2042.88,N,I,I,I,I
300000956,26,2015-08-12,5,2015-08-12,,100000044,EUR,1294.71,1087.99,206.72,C,A,S,I,D
300000957,14,2015-08-13,5,2015-08-13,,100000041,EUR,2645.37,2223,422.37,P,I,S,I,I
300000958,7,2015-08-14,30,2015-08-14,,100000043,EUR,16526.72,13888,2638.72,N,I,I,I,I
300000959,16,2015-08-15,22,2015-08-15,,100000044,EUR,4157.82,3493.96,663.86,N,I,I,I,I
300000960,18,2015-08-16,6,2015-08-16,,100000036,EUR,2751.29,2312,439.29,R,R,X,I,I
300000961,29,2015-08-17,9,2015-08-17,,100000041,EUR,1423.24,1196,227.24,R,R,X,I,I
300000962,30,2015-08-18,31,2015-08-18,,100000038,EUR,1006.74,846,160.74,R,R,X,I,I
300000963,25,2015-08-19,15,2015-08-19,,100000037,EUR,2354.54,1978.6,375.94,X,R,X,I,I
300000964,10,2015-08-20,15,2015-08-20,,100000037,EUR,1318.76,1108.2,210.56,R,R,X,I,I
300000965,14,2015-08-21,30,2015-08-21,,100000042,EUR,16148.3,13570,2578.3,R,R,X,I,I
300000966,30,2015-08-22,7,2015-08-22,,100000041,EUR,959.14,806,153.14,X,R,X,I,I
300000967,14,2015-08-23,31,2015-08-23,,100000038,EUR,132.09,111,21.09,C,A,S,I,D
300000968,29,2015-08-24,10,2015-08-24,,100000036,EUR,1909.36,1604.5,304.86,P,I,C,I,I
300000969,7,2015-08-25,2,2015-08-25,,100000043,EUR,12623.52,10608,2015.52,C,A,S,I,D
300000970,18,2015-08-26,5,2015-08-26,,100000044,EUR,9517.53,7997.91,1519.62,P,I,S,I,I
300000971,33,2015-08-27,5,2015-08-27,,100000036,EUR,744.71,625.8,118.91,N,I,I,I,I
300000972,9,2015-08-28,32,2015-08-28,,100000037,EUR,957.47,804.6,152.87,X,R,X,I,I
300000973,14,2015-08-29,20,2015-08-29,,100000042,EUR,7325.64,6156,1169.64,P,A,C,I,I
300000974,24,2015-08-30,25,2015-08-30,,100000038,EUR,949.62,798,151.62,X,R,X,I,I
300000975,2,2015-08-31,26,2015-08-31,,100000044,EUR,11689.25,9822.89,1866.36,P,I,S,I,I
300000976,7,2015-09-01,9,2015-09-01,,100000044,EUR,11689.24,9822.89,1866.35,P,I,C,I,I
300000977,10,2015-09-02,12,2015-09-02,,100000044,EUR,7438.62,6250.93,1187.69,C,A,S,I,D
300000978,10,2015-09-03,26,2015-09-03,,100000042,EUR,8563.24,7196,1367.24,X,R,X,I,I
300000979,27,2015-09-04,22,2015-09-04,,100000041,EUR,1485.12,1248,237.12,P,A,S,I,I
300000980,7,2015-09-05,4,2015-09-05,,100000037,EUR,2354.54,1978.6,375.94,P,A,S,I,I
300000981,20,2015-09-06,10,2015-09-06,,100000041,EUR,1129.31,949,180.31,C,A,S,I,D
300000982,19,2015-09-07,20,2015-09-07,,100000037,EUR,2354.54,1978.6,375.94,N,I,I,I,I
300000983,13,2015-09-08,6,2015-09-08,,100000043,EUR,14575.12,12248,2327.12,X,R,X,I,I
300000984,33,2015-09-09,10,2015-09-09,,100000044,EUR,2218.14,1863.98,354.16,C,A,S,I,D
300000985,4,2015-09-10,10,2015-09-10,,100000036,EUR,4044.22,3398.5,645.72,X,R,X,I,I
300000986,29,2015-09-11,2,2015-09-11,,100000044,EUR,4250.63,3571.96,678.67,R,R,X,I,I
300000987,20,2015-09-12,3,2015-09-12,,100000038,EUR,960.33,807,153.33,R,R,X,I,I
300000988,8,2015-09-13,2,2015-09-13,,100000037,EUR,2432.84,2044.4,388.44,P,A,S,I,I
300000989,23,2015-09-14,27,2015-09-14,,100000037,EUR,1553.67,1305.6,248.07,C,A,S,I,D
300000990,16,2015-09-15,17,2015-09-15,,100000042,EUR,15709.19,13201,2508.19,X,R,X,I,I
300000991,22,2015-09-16,25,2015-09-16,,100000041,EUR,819.91,689,130.91,P,A,S,I,I
300000992,12,2015-09-17,20,2015-09-17,,100000036,EUR,808.84,679.7,129.14,R,R,X,I,I
300000993,15,2015-09-18,3,2015-09-18,,100000038,EUR,489.09,411,78.09,C,A,S,I,D
300000994,24,2015-09-19,4,2015-09-19,,100000043,EUR,15718.71,13209,2509.71,N,I,I,I,I
300000995,27,2015-09-20,32,2015-09-20,,100000044,EUR,9517.53,7997.91,1519.62,X,R,X,I,I
300000996,13,2015-09-21,22,2015-09-21,,100000036,EUR,744.71,625.8,118.91,N,I,I,I,I
300000997,29,2015-09-22,29,2015-09-22,,100000042,EUR,5030.13,4227,803.13,C,A,S,I,D
300000998,28,2015-09-23,24,2015-09-23,,100000037,EUR,1397.06,1174,223.06,N,I,I,I,I
300000999,20,2015-09-24,5,2015-09-24,,100000038,EUR,885.36,744,141.36,N,I,I,I,I
