SALESORDERID,HISTORY.CREATEDBY.EMPLOYEEID,HISTORY.CREATEDAT,HISTORY.CHANGEDBY.EMPLOYEEID,HISTORY.CHANGEDAT,NOTEID,PARTNER.PARTNERID,CURRENCY,GROSSAMOUNT,NETAMOUNT,TAXAMOUNT,LIFECYCLESTATUS,BILLINGSTATUS,DELIVERYSTATUS
500000000,24,2015-01-01,1,2015-01-15,,100000000,EUR,26581.03,22337,4244.03,X,I,I
500000001,32,2015-01-02,20,2015-01-16,,100000002,EUR,9417.66,7914,1503.66,N,I,I
500000002,5,2015-01-03,6,2015-01-17,,100000005,EUR,5631.08,4732,899.08,P,I,D
500000003,33,2015-01-04,19,2015-01-18,,100000006,EUR,1405.39,1181,224.39,N,I,I
500000004,22,2015-01-05,28,2015-01-19,,100000006,EUR,761.24,639.7,121.54,C,P,D
500000005,6,2015-01-06,23,2015-01-20,,100000008,EUR,101299.22,85125.4,16173.82,X,I,I
500000006,6,2015-01-07,5,2015-01-21,,100000003,EUR,250.73,210.7,40.03,X,I,I
500000007,21,2015-01-08,13,2015-01-22,,100000004,EUR,10549.35,8865,1684.35,C,P,D
500000008,13,2015-01-09,5,2015-01-23,,100000009,EUR,195.16,164,31.16,X,I,I
500000009,31,2015-01-10,22,2015-01-24,,100000000,EUR,3972.22,3338,634.22,P,P,I
500000010,23,2015-01-11,2,2015-01-25,,100000002,EUR,3598.92,3024.3,574.62,N,I,I
500000011,2,2015-01-12,27,2015-01-26,,100000004,EUR,325.94,273.9,52.04,P,P,I
500000012,26,2015-01-13,5,2015-01-27,,100000005,EUR,24395,20500,3895,P,I,D
500000013,19,2015-01-14,2,2015-01-28,,100000006,EUR,5527.55,4645,882.55,P,I,D
500000014,6,2015-01-15,8,2015-01-29,,100000006,EUR,3459.33,2907,552.33,P,I,I
500000015,23,2015-01-16,19,2015-01-30,,100000008,EUR,852.04,716,136.04,X,I,I
500000016,26,2015-01-17,20,2015-01-31,,100000004,EUR,1916.5,1610.5,306,N,I,I
500000017,31,2015-01-18,9,2015-02-01,,100000005,EUR,178.14,149.7,28.44,P,P,D
500000018,3,2015-01-19,17,2015-02-02,,100000002,EUR,871.55,732.4,139.15,C,P,D
500000019,12,2015-01-20,31,2015-02-03,,100000009,EUR,1028.15,864,164.15,N,I,I
500000020,18,2015-01-21,17,2015-02-04,,100000000,EUR,5523.38,4641.5,881.88,N,I,I
500000021,6,2015-01-22,9,2015-02-05,,100000002,EUR,187.54,157.6,29.94,P,P,D
500000022,18,2015-01-23,13,2015-02-06,,100000006,EUR,521.22,438,83.22,N,I,I
500000023,32,2015-01-24,32,2015-02-07,,100000008,EUR,411.5,345.8,65.7,C,P,D
500000024,24,2015-01-25,18,2015-02-08,,100000005,EUR,11552.52,9708,1844.52,P,P,D
500000025,18,2015-01-26,15,2015-02-09,,100000003,EUR,26581.03,22337,4244.03,C,P,D
500000026,14,2015-01-27,28,2015-02-10,,100000003,EUR,9417.66,7914,1503.66,N,I,I
500000027,17,2015-01-28,14,2015-02-11,,100000003,EUR,5631.08,4732,899.08,C,P,D
500000028,16,2015-01-29,28,2015-02-12,,100000008,EUR,1405.39,1181,224.39,C,P,D
500000029,27,2015-01-30,23,2015-02-13,,100000004,EUR,761.24,639.7,121.54,N,I,I
500000030,32,2015-01-31,26,2015-02-14,,100000006,EUR,101299.22,85125.4,16173.82,P,I,D
500000031,30,2015-02-01,17,2015-02-15,,100000004,EUR,250.73,210.7,40.03,C,P,D
500000032,31,2015-02-02,29,2015-02-16,,100000006,EUR,10549.35,8865,1684.35,N,I,I
500000033,5,2015-02-03,31,2015-02-17,,100000009,EUR,195.16,164,31.16,N,I,I
500000034,26,2015-02-04,1,2015-02-18,,100000000,EUR,107100,90000,17100,N,I,I
500000035,2,2015-02-05,12,2015-02-19,,100000002,EUR,4415.73,3710.7,705.03,P,P,I
500000036,13,2015-02-06,23,2015-02-20,,100000003,EUR,325.94,273.9,52.04,X,I,I
500000037,12,2015-02-07,7,2015-02-21,,100000005,EUR,24220.07,20353,3867.07,P,P,D
500000038,27,2015-02-08,32,2015-02-22,,100000006,EUR,4499.87,3781.4,718.47,C,P,D
500000039,15,2015-02-09,31,2015-02-23,,100000006,EUR,2727.24,2291.8,435.44,C,P,D
500000040,27,2015-02-10,5,2015-02-24,,100000008,EUR,530.62,445.9,84.72,N,I,I
500000041,7,2015-02-11,21,2015-02-25,,100000004,EUR,803.25,675,128.25,C,P,D
500000042,15,2015-02-12,8,2015-02-26,,100000002,EUR,178.14,149.7,28.44,X,I,I
500000043,6,2015-02-13,17,2015-02-27,,100000005,EUR,871.55,732.4,139.15,P,P,D
500000044,27,2015-02-14,32,2015-02-28,,100000009,EUR,6543.8,5499,1044.8,C,P,D
500000045,3,2015-02-15,20,2015-02-28,,100000000,EUR,113032.74,94985.5,18047.24,C,P,D
500000046,15,2015-02-16,23,2015-03-01,,100000002,EUR,114.24,96,18.24,X,I,I
500000047,11,2015-02-17,10,2015-03-02,,100000008,EUR,521.22,438,83.22,C,P,D
500000048,16,2015-02-18,29,2015-03-03,,100000006,EUR,411.5,345.8,65.7,C,P,D
500000049,33,2015-02-19,8,2015-03-04,,100000005,EUR,11379.97,9563,1816.97,N,I,I
500000050,28,2015-02-20,29,2015-03-05,,100000026,EUR,26581.03,22337,4244.03,N,I,I
500000051,17,2015-02-21,30,2015-03-06,,100000025,EUR,9417.66,7914,1503.66,C,P,D
500000052,11,2015-02-22,19,2015-03-07,,100000022,EUR,5631.08,4732,899.08,X,I,I
500000053,14,2015-02-23,27,2015-03-08,,100000024,EUR,1405.39,1181,224.39,C,P,D
500000054,6,2015-02-24,3,2015-03-09,,100000024,EUR,761.24,639.7,121.54,P,I,I
500000055,6,2015-02-25,6,2015-03-10,,100000021,EUR,101299.22,85125.4,16173.82,C,P,D
500000056,19,2015-02-26,22,2015-03-11,,100000023,EUR,250.73,210.7,40.03,C,P,D
500000057,1,2015-02-27,17,2015-03-12,,100000019,EUR,10549.35,8865,1684.35,N,I,I
500000058,13,2015-02-28,24,2015-03-13,,100000026,EUR,195.16,164,31.16,X,I,I
500000059,31,2015-02-28,30,2015-03-14,,100000026,EUR,3972.22,3338,634.22,P,I,D
500000060,31,2015-03-01,11,2015-03-15,,100000025,EUR,3598.92,3024.3,574.62,P,P,I
500000061,23,2015-03-02,16,2015-03-16,,100000019,EUR,325.94,273.9,52.04,C,P,D
500000062,4,2015-03-03,28,2015-03-17,,100000022,EUR,24395,20500,3895,N,I,I
500000063,17,2015-03-04,23,2015-03-18,,100000024,EUR,5527.55,4645,882.55,P,I,D
500000064,12,2015-03-05,11,2015-03-19,,100000024,EUR,3459.33,2907,552.33,N,I,I
500000065,25,2015-03-06,22,2015-03-20,,100000021,EUR,852.04,716,136.04,C,P,D
500000066,19,2015-03-07,31,2015-03-21,,100000019,EUR,1916.5,1610.5,306,N,I,I
500000067,17,2015-03-08,14,2015-03-22,,100000022,EUR,178.14,149.7,28.44,C,P,D
500000068,19,2015-03-09,16,2015-03-23,,100000025,EUR,871.55,732.4,139.15,P,P,I
500000069,11,2015-03-10,29,2015-03-24,,100000026,EUR,1028.15,864,164.15,N,I,I
500000070,4,2015-03-11,17,2015-03-25,,100000026,EUR,5523.38,4641.5,881.88,X,I,I
500000071,22,2015-03-12,23,2015-03-26,,100000025,EUR,187.54,157.6,29.94,N,I,I
500000072,19,2015-03-13,16,2015-03-27,,100000024,EUR,521.22,438,83.22,N,I,I
500000073,15,2015-03-14,6,2015-03-28,,100000021,EUR,411.5,345.8,65.7,N,I,I
500000074,3,2015-03-15,30,2015-03-29,,100000022,EUR,11552.52,9708,1844.52,C,P,D
500000075,16,2015-03-16,33,2015-03-30,,100000023,EUR,26581.03,22337,4244.03,X,I,I
500000076,32,2015-03-17,8,2015-03-31,,100000023,EUR,9417.66,7914,1503.66,P,I,D
500000077,2,2015-03-18,21,2015-04-01,,100000023,EUR,5631.08,4732,899.08,C,P,D
500000078,28,2015-03-19,31,2015-04-02,,100000021,EUR,1405.39,1181,224.39,C,P,D
500000079,4,2015-03-20,4,2015-04-03,,100000019,EUR,761.24,639.7,121.54,N,I,I
500000080,29,2015-03-21,1,2015-04-04,,100000024,EUR,101299.22,85125.4,16173.82,P,I,D
500000081,9,2015-03-22,17,2015-04-05,,100000019,EUR,250.73,210.7,40.03,C,P,D
500000082,15,2015-03-23,19,2015-04-06,,100000024,EUR,10549.35,8865,1684.35,N,I,I
500000083,8,2015-03-24,19,2015-04-07,,100000026,EUR,195.16,164,31.16,C,P,D
500000084,28,2015-03-25,26,2015-04-08,,100000026,EUR,107100,90000,17100,C,P,D
500000085,4,2015-03-26,15,2015-04-09,,100000025,EUR,4415.73,3710.7,705.03,X,I,I
500000086,10,2015-03-27,15,2015-04-10,,100000023,EUR,325.94,273.9,52.04,C,P,D
500000087,27,2015-03-28,27,2015-04-11,,100000022,EUR,24220.07,20353,3867.07,X,I,I
500000088,26,2015-03-29,7,2015-04-12,,100000024,EUR,4499.87,3781.4,718.47,P,I,D
500000089,3,2015-03-30,2,2015-04-13,,100000024,EUR,2727.24,2291.8,435.44,N,I,I
500000090,17,2015-03-31,5,2015-04-14,,100000021,EUR,530.62,445.9,84.72,N,I,I
500000091,25,2015-04-01,18,2015-04-15,,100000019,EUR,803.25,675,128.25,N,I,I
500000092,22,2015-04-02,29,2015-04-16,,100000025,EUR,178.14,149.7,28.44,X,I,I
500000093,15,2015-04-03,9,2015-04-17,,100000022,EUR,871.55,732.4,139.15,X,I,I
500000094,29,2015-04-04,31,2015-04-18,,100000026,EUR,6543.8,5499,1044.8,C,P,D
500000095,27,2015-04-05,18,2015-04-19,,100000026,EUR,113032.74,94985.5,18047.24,X,I,I
500000096,26,2015-04-06,29,2015-04-20,,100000025,EUR,114.24,96,18.24,C,P,D
500000097,20,2015-04-07,27,2015-04-21,,100000021,EUR,521.22,438,83.22,P,P,D
500000098,16,2015-04-08,16,2015-04-22,,100000024,EUR,411.5,345.8,65.7,C,P,D
500000099,15,2015-04-09,18,2015-04-23,,100000022,EUR,11379.97,9563,1816.97,X,I,I
500000100,5,2015-04-10,32,2015-04-24,,100000012,EUR,26581.03,22337,4244.03,X,I,I
500000101,1,2015-04-11,21,2015-04-25,,100000011,EUR,9417.66,7914,1503.66,X,I,I
500000102,8,2015-04-12,14,2015-04-26,,100000015,EUR,5631.08,4732,899.08,P,I,I
500000103,6,2015-04-13,28,2015-04-27,,100000013,EUR,1405.39,1181,224.39,N,I,I
500000104,11,2015-04-14,18,2015-04-28,,100000013,EUR,761.24,639.7,121.54,C,P,D
500000105,14,2015-04-15,8,2015-04-29,,100000014,EUR,101299.22,85125.4,16173.82,X,I,I
500000106,29,2015-04-16,23,2015-04-30,,100000016,EUR,250.73,210.7,40.03,C,P,D
500000107,2,2015-04-17,2,2015-05-01,,100000017,EUR,10549.35,8865,1684.35,C,P,D
500000108,3,2015-04-18,23,2015-05-02,,100000018,EUR,195.16,164,31.16,P,I,D
500000109,17,2015-04-19,25,2015-05-03,,100000012,EUR,3972.22,3338,634.22,P,I,I
500000110,23,2015-04-20,2,2015-05-04,,100000011,EUR,3598.92,3024.3,574.62,P,I,D
500000111,5,2015-04-21,12,2015-05-05,,100000017,EUR,325.94,273.9,52.04,N,I,I
500000112,13,2015-04-22,24,2015-05-06,,100000015,EUR,24395,20500,3895,X,I,I
500000113,24,2015-04-23,31,2015-05-07,,100000013,EUR,5527.55,4645,882.55,N,I,I
500000114,32,2015-04-24,12,2015-05-08,,100000013,EUR,3459.33,2907,552.33,X,I,I
500000115,5,2015-04-25,27,2015-05-09,,100000014,EUR,852.04,716,136.04,P,I,I
500000116,22,2015-04-26,14,2015-05-10,,100000017,EUR,1916.5,1610.5,306,N,I,I
500000117,3,2015-04-27,27,2015-05-11,,100000015,EUR,178.14,149.7,28.44,P,P,D
500000118,30,2015-04-28,31,2015-05-12,,100000011,EUR,871.55,732.4,139.15,P,I,D
500000119,29,2015-04-29,9,2015-05-13,,100000018,EUR,1028.15,864,164.15,N,I,I
500000120,28,2015-04-30,7,2015-05-14,,100000012,EUR,5523.38,4641.5,881.88,X,I,I
500000121,22,2015-05-01,14,2015-05-15,,100000011,EUR,187.54,157.6,29.94,X,I,I
500000122,13,2015-05-02,14,2015-05-16,,100000013,EUR,521.22,438,83.22,N,I,I
500000123,27,2015-05-03,9,2015-05-17,,100000014,EUR,411.5,345.8,65.7,X,I,I
500000124,11,2015-05-04,3,2015-05-18,,100000015,EUR,11552.52,9708,1844.52,C,P,D
500000125,13,2015-05-05,4,2015-05-19,,100000016,EUR,26581.03,22337,4244.03,C,P,D
500000126,28,2015-05-06,14,2015-05-20,,100000016,EUR,9417.66,7914,1503.66,C,P,D
500000127,21,2015-05-07,2,2015-05-21,,100000016,EUR,5631.08,4732,899.08,C,P,D
500000128,16,2015-05-08,15,2015-05-22,,100000014,EUR,1405.39,1181,224.39,X,I,I
500000129,28,2015-05-09,21,2015-05-23,,100000017,EUR,761.24,639.7,121.54,C,P,D
500000130,12,2015-05-10,33,2015-05-24,,100000013,EUR,101299.22,85125.4,16173.82,C,P,D
500000131,11,2015-05-11,2,2015-05-25,,100000017,EUR,250.73,210.7,40.03,P,P,D
500000132,32,2015-05-12,2,2015-05-26,,100000013,EUR,10549.35,8865,1684.35,P,I,D
500000133,5,2015-05-13,32,2015-05-27,,100000018,EUR,195.16,164,31.16,C,P,D
500000134,2,2015-05-14,22,2015-05-28,,100000012,EUR,107100,90000,17100,P,P,I
500000135,8,2015-05-15,5,2015-05-29,,100000011,EUR,4415.73,3710.7,705.03,N,I,I
500000136,33,2015-05-16,20,2015-05-30,,100000016,EUR,325.94,273.9,52.04,X,I,I
500000137,24,2015-05-17,31,2015-05-31,,100000015,EUR,24220.07,20353,3867.07,P,I,D
500000138,24,2015-05-18,4,2015-06-01,,100000013,EUR,4499.87,3781.4,718.47,C,P,D
500000139,15,2015-05-19,17,2015-06-02,,100000013,EUR,2727.24,2291.8,435.44,P,P,D
500000140,18,2015-05-20,17,2015-06-03,,100000014,EUR,530.62,445.9,84.72,C,P,D
500000141,18,2015-05-21,1,2015-06-04,,100000017,EUR,803.25,675,128.25,P,I,I
500000142,7,2015-05-22,13,2015-06-05,,100000011,EUR,178.14,149.7,28.44,P,I,D
500000143,10,2015-05-23,30,2015-06-06,,100000015,EUR,871.55,732.4,139.15,P,P,I
500000144,11,2015-05-24,21,2015-06-07,,100000018,EUR,6543.8,5499,1044.8,X,I,I
500000145,2,2015-05-25,12,2015-06-08,,100000012,EUR,113032.74,94985.5,18047.24,P,I,D
500000146,5,2015-05-26,16,2015-06-09,,100000011,EUR,114.24,96,18.24,P,P,I
500000147,24,2015-05-27,9,2015-06-10,,100000014,EUR,521.22,438,83.22,N,I,I
500000148,16,2015-05-28,22,2015-06-11,,100000013,EUR,411.5,345.8,65.7,C,P,D
500000149,19,2015-05-29,2,2015-06-12,,100000015,EUR,11379.97,9563,1816.97,C,P,D
500000150,4,2015-05-30,20,2015-06-13,,100000028,EUR,26581.03,22337,4244.03,P,P,I
500000151,32,2015-05-31,4,2015-06-14,,100000030,EUR,9417.66,7914,1503.66,C,P,D
500000152,1,2015-06-01,17,2015-06-15,,100000031,EUR,5631.08,4732,899.08,N,I,I
500000153,10,2015-06-02,5,2015-06-16,,100000032,EUR,1405.39,1181,224.39,N,I,I
500000154,32,2015-06-03,4,2015-06-17,,100000032,EUR,761.24,639.7,121.54,C,P,D
500000155,12,2015-06-04,4,2015-06-18,,100000033,EUR,101299.22,85125.4,16173.82,C,P,D
500000156,31,2015-06-05,26,2015-06-19,,100000034,EUR,250.73,210.7,40.03,X,I,I
500000157,3,2015-06-06,11,2015-06-20,,100000035,EUR,10549.35,8865,1684.35,X,I,I
500000158,14,2015-06-07,6,2015-06-21,,100000027,EUR,195.16,164,31.16,X,I,I
500000159,7,2015-06-08,14,2015-06-22,,100000028,EUR,3972.22,3338,634.22,P,I,I
500000160,1,2015-06-09,3,2015-06-23,,100000030,EUR,3598.92,3024.3,574.62,X,I,I
500000161,19,2015-06-10,12,2015-06-24,,100000035,EUR,325.94,273.9,52.04,X,I,I
500000162,23,2015-06-11,10,2015-06-25,,100000031,EUR,24395,20500,3895,P,P,I
500000163,12,2015-06-12,11,2015-06-26,,100000032,EUR,5527.55,4645,882.55,C,P,D
500000164,9,2015-06-13,28,2015-06-27,,100000032,EUR,3459.33,2907,552.33,X,I,I
500000165,27,2015-06-14,2,2015-06-28,,100000033,EUR,852.04,716,136.04,X,I,I
500000166,18,2015-06-15,11,2015-06-29,,100000035,EUR,1916.5,1610.5,306,C,P,D
500000167,1,2015-06-16,15,2015-06-30,,100000031,EUR,178.14,149.7,28.44,X,I,I
500000168,31,2015-06-17,12,2015-07-01,,100000030,EUR,871.55,732.4,139.15,N,I,I
500000169,31,2015-06-18,12,2015-07-02,,100000027,EUR,1028.15,864,164.15,N,I,I
500000170,6,2015-06-19,29,2015-07-03,,100000028,EUR,5523.38,4641.5,881.88,C,P,D
500000171,9,2015-06-20,5,2015-07-04,,100000030,EUR,187.54,157.6,29.94,X,I,I
500000172,33,2015-06-21,23,2015-07-05,,100000032,EUR,521.22,438,83.22,P,P,I
500000173,17,2015-06-22,15,2015-07-06,,100000033,EUR,411.5,345.8,65.7,X,I,I
500000174,4,2015-06-23,15,2015-07-07,,100000031,EUR,11552.52,9708,1844.52,C,P,D
500000175,30,2015-06-24,5,2015-07-08,,100000034,EUR,26581.03,22337,4244.03,N,I,I
500000176,7,2015-06-25,8,2015-07-09,,100000034,EUR,9417.66,7914,1503.66,C,P,D
500000177,2,2015-06-26,7,2015-07-10,,100000034,EUR,5631.08,4732,899.08,C,P,D
500000178,15,2015-06-27,28,2015-07-11,,100000033,EUR,1405.39,1181,224.39,P,I,D
500000179,14,2015-06-28,27,2015-07-12,,100000035,EUR,761.24,639.7,121.54,C,P,D
500000180,1,2015-06-29,23,2015-07-13,,100000032,EUR,101299.22,85125.4,16173.82,X,I,I
500000181,18,2015-06-30,3,2015-07-14,,100000035,EUR,250.73,210.7,40.03,C,P,D
500000182,10,2015-07-01,10,2015-07-15,,100000032,EUR,10549.35,8865,1684.35,X,I,I
500000183,29,2015-07-02,8,2015-07-16,,100000027,EUR,195.16,164,31.16,P,I,I
500000184,10,2015-07-03,13,2015-07-17,,100000028,EUR,107100,90000,17100,P,P,D
500000185,2,2015-07-04,15,2015-07-18,,100000030,EUR,4415.73,3710.7,705.03,C,P,D
500000186,32,2015-07-05,15,2015-07-19,,100000034,EUR,325.94,273.9,52.04,N,I,I
500000187,28,2015-07-06,15,2015-07-20,,100000031,EUR,24220.07,20353,3867.07,P,P,I
500000188,12,2015-07-07,18,2015-07-21,,100000032,EUR,4499.87,3781.4,718.47,P,I,D
500000189,23,2015-07-08,2,2015-07-22,,100000032,EUR,2727.24,2291.8,435.44,N,I,I
500000190,11,2015-07-09,14,2015-07-23,,100000033,EUR,530.62,445.9,84.72,P,I,I
500000191,8,2015-07-10,7,2015-07-24,,100000035,EUR,803.25,675,128.25,C,P,D
500000192,22,2015-07-11,21,2015-07-25,,100000030,EUR,178.14,149.7,28.44,P,P,D
500000193,2,2015-07-12,13,2015-07-26,,100000031,EUR,871.55,732.4,139.15,X,I,I
500000194,24,2015-07-13,21,2015-07-27,,100000027,EUR,6543.8,5499,1044.8,C,P,D
500000195,27,2015-07-14,1,2015-07-28,,100000028,EUR,113032.74,94985.5,18047.24,N,I,I
500000196,8,2015-07-15,6,2015-07-29,,100000030,EUR,114.24,96,18.24,C,P,D
500000197,21,2015-07-16,30,2015-07-30,,100000033,EUR,521.22,438,83.22,X,I,I
500000198,9,2015-07-17,25,2015-07-31,,100000032,EUR,411.5,345.8,65.7,P,P,I
500000199,2,2015-07-18,20,2015-08-01,,100000031,EUR,11379.97,9563,1816.97,X,I,I
500000200,11,2015-07-19,10,2015-08-02,,100000044,EUR,26581.03,22337,4244.03,N,I,I
500000201,25,2015-07-20,32,2015-08-03,,100000036,EUR,9417.66,7914,1503.66,N,I,I
500000202,2,2015-07-21,17,2015-08-04,,100000038,EUR,5631.08,4732,899.08,X,I,I
500000203,7,2015-07-22,4,2015-08-05,,100000037,EUR,1405.39,1181,224.39,C,P,D
500000204,26,2015-07-23,1,2015-08-06,,100000037,EUR,761.24,639.7,121.54,P,P,I
500000205,4,2015-07-24,18,2015-08-07,,100000042,EUR,101299.22,85125.4,16173.82,C,P,D
500000206,6,2015-07-25,13,2015-08-08,,100000044,EUR,250.73,210.7,40.03,C,P,D
500000207,7,2015-07-26,10,2015-08-09,,100000041,EUR,10549.35,8865,1684.35,P,P,I
500000208,15,2015-07-27,10,2015-08-10,,100000043,EUR,195.16,164,31.16,P,I,I
500000209,24,2015-07-28,5,2015-08-11,,100000044,EUR,3972.22,3338,634.22,C,P,D
500000210,21,2015-07-29,3,2015-08-12,,100000036,EUR,3598.92,3024.3,574.62,C,P,D
500000211,2,2015-07-30,26,2015-08-13,,100000041,EUR,325.94,273.9,52.04,X,I,I
500000212,22,2015-07-31,18,2015-08-14,,100000038,EUR,24395,20500,3895,C,P,D
500000213,1,2015-08-01,10,2015-08-15,,100000037,EUR,5527.55,4645,882.55,P,I,I
500000214,24,2015-08-02,31,2015-08-16,,100000037,EUR,3459.33,2907,552.33,P,P,D
500000215,3,2015-08-03,1,2015-08-17,,100000042,EUR,852.04,716,136.04,X,I,I
500000216,24,2015-08-04,21,2015-08-18,,100000041,EUR,1916.5,1610.5,306,N,I,I
500000217,3,2015-08-05,8,2015-08-19,,100000038,EUR,178.14,149.7,28.44,X,I,I
500000218,21,2015-08-06,16,2015-08-20,,100000036,EUR,871.55,732.4,139.15,N,I,I
500000219,13,2015-08-07,15,2015-08-21,,100000043,EUR,1028.15,864,164.15,P,I,I
500000220,15,2015-08-08,20,2015-08-22,,100000044,EUR,5523.38,4641.5,881.88,P,I,I
500000221,18,2015-08-09,18,2015-08-23,,100000036,EUR,187.54,157.6,29.94,N,I,I
500000222,30,2015-08-10,28,2015-08-24,,100000037,EUR,521.22,438,83.22,X,I,I
500000223,13,2015-08-11,27,2015-08-25,,100000042,EUR,411.5,345.8,65.7,N,I,I
500000224,21,2015-08-12,2,2015-08-26,,100000038,EUR,11552.52,9708,1844.52,C,P,D
500000225,3,2015-08-13,6,2015-08-27,,100000044,EUR,26581.03,22337,4244.03,X,I,I
500000226,17,2015-08-14,24,2015-08-28,,100000044,EUR,9417.66,7914,1503.66,N,I,I
500000227,21,2015-08-15,33,2015-08-29,,100000044,EUR,5631.08,4732,899.08,X,I,I
500000228,23,2015-08-16,12,2015-08-30,,100000042,EUR,1405.39,1181,224.39,C,P,D
500000229,30,2015-08-17,23,2015-08-31,,100000041,EUR,761.24,639.7,121.54,N,I,I
500000230,24,2015-08-18,11,2015-09-01,,100000037,EUR,101299.22,85125.4,16173.82,X,I,I
500000231,19,2015-08-19,29,2015-09-02,,100000041,EUR,250.73,210.7,40.03,N,I,I
500000232,3,2015-08-20,26,2015-09-03,,100000037,EUR,10549.35,8865,1684.35,N,I,I
500000233,31,2015-08-21,3,2015-09-04,,100000043,EUR,195.16,164,31.16,C,P,D
500000234,3,2015-08-22,21,2015-09-05,,100000044,EUR,107100,90000,17100,X,I,I
500000235,1,2015-08-23,16,2015-09-06,,100000036,EUR,4415.73,3710.7,705.03,N,I,I
500000236,32,2015-08-24,18,2015-09-07,,100000044,EUR,325.94,273.9,52.04,N,I,I
500000237,30,2015-08-25,12,2015-09-08,,100000038,EUR,24220.07,20353,3867.07,C,P,D
500000238,7,2015-08-26,4,2015-09-09,,100000037,EUR,4499.87,3781.4,718.47,P,P,I
500000239,12,2015-08-27,24,2015-09-10,,100000037,EUR,2727.24,2291.8,435.44,P,I,D
500000240,23,2015-08-28,14,2015-09-11,,100000042,EUR,530.62,445.9,84.72,X,I,I
500000241,17,2015-08-29,30,2015-09-12,,100000041,EUR,803.25,675,128.25,P,I,D
500000242,31,2015-08-30,14,2015-09-13,,100000036,EUR,178.14,149.7,28.44,N,I,I
500000243,3,2015-08-31,30,2015-09-14,,100000038,EUR,871.55,732.4,139.15,X,I,I
500000244,17,2015-09-01,22,2015-09-15,,100000043,EUR,6543.8,5499,1044.8,X,I,I
500000245,17,2015-09-02,6,2015-09-16,,100000044,EUR,113032.74,94985.5,18047.24,X,I,I
500000246,26,2015-09-03,8,2015-09-17,,100000036,EUR,114.24,96,18.24,N,I,I
500000247,30,2015-09-04,6,2015-09-18,,100000042,EUR,521.22,438,83.22,P,I,D
500000248,19,2015-09-05,14,2015-09-19,,100000037,EUR,411.5,345.8,65.7,X,I,I
500000249,28,2015-09-06,6,2015-09-20,,100000038,EUR,11379.97,9563,1816.97,C,P,D
500000250,9,2015-09-07,3,2015-09-21,,100000000,EUR,26581.03,22337,4244.03,N,I,I
500000251,15,2015-09-08,19,2015-09-22,,100000002,EUR,9417.66,7914,1503.66,C,P,D
500000252,17,2015-09-09,10,2015-09-23,,100000005,EUR,5631.08,4732,899.08,N,I,I
500000253,23,2015-09-10,26,2015-09-24,,100000006,EUR,1405.39,1181,224.39,C,P,D
500000254,4,2015-09-11,27,2015-09-25,,100000006,EUR,761.24,639.7,121.54,X,I,I
500000255,29,2015-09-12,14,2015-09-26,,100000008,EUR,101299.22,85125.4,16173.82,C,P,D
500000256,25,2015-09-13,18,2015-09-27,,100000003,EUR,250.73,210.7,40.03,N,I,I
500000257,30,2015-09-14,10,2015-09-28,,100000004,EUR,10549.35,8865,1684.35,P,I,D
500000258,6,2015-09-15,5,2015-09-29,,100000009,EUR,195.16,164,31.16,C,P,D
500000259,14,2015-09-16,15,2015-09-30,,100000000,EUR,3972.22,3338,634.22,X,I,I
500000260,8,2015-09-17,27,2015-10-01,,100000002,EUR,3598.92,3024.3,574.62,C,P,D
500000261,22,2015-09-18,9,2015-10-02,,100000004,EUR,325.94,273.9,52.04,C,P,D
500000262,4,2015-09-19,6,2015-10-03,,100000005,EUR,24395,20500,3895,X,I,I
500000263,25,2015-09-20,14,2015-10-04,,100000006,EUR,5527.55,4645,882.55,X,I,I
500000264,24,2015-09-21,6,2015-10-05,,100000006,EUR,3459.33,2907,552.33,X,I,I
500000265,9,2015-09-22,31,2015-10-06,,100000008,EUR,852.04,716,136.04,P,P,I
500000266,33,2015-09-23,6,2015-10-07,,100000004,EUR,1916.5,1610.5,306,P,P,D
500000267,20,2015-09-24,18,2015-10-08,,100000005,EUR,178.14,149.7,28.44,P,P,I
500000268,1,2015-09-25,19,2015-10-09,,100000002,EUR,871.55,732.4,139.15,P,P,I
500000269,17,2015-09-26,22,2015-10-10,,100000009,EUR,1028.15,864,164.15,X,I,I
500000270,20,2015-09-27,32,2015-10-11,,100000000,EUR,5523.38,4641.5,881.88,X,I,I
500000271,4,2015-09-28,17,2015-10-12,,100000002,EUR,187.54,157.6,29.94,P,P,D
500000272,21,2015-09-29,20,2015-10-13,,100000006,EUR,521.22,438,83.22,C,P,D
500000273,33,2015-09-30,18,2015-10-14,,100000008,EUR,411.5,345.8,65.7,P,P,D
500000274,31,2015-10-01,20,2015-10-15,,100000005,EUR,11552.52,9708,1844.52,C,P,D
500000275,14,2015-10-02,26,2015-10-16,,100000003,EUR,26581.03,22337,4244.03,N,I,I
500000276,10,2015-10-03,15,2015-10-17,,100000003,EUR,9417.66,7914,1503.66,C,P,D
500000277,9,2015-10-04,21,2015-10-18,,100000003,EUR,5631.08,4732,899.08,P,I,I
500000278,27,2015-10-05,26,2015-10-19,,100000008,EUR,1405.39,1181,224.39,P,P,D
500000279,28,2015-10-06,16,2015-10-20,,100000004,EUR,761.24,639.7,121.54,P,P,I
500000280,2,2015-10-07,19,2015-10-21,,100000006,EUR,101299.22,85125.4,16173.82,P,I,I
500000281,16,2015-10-08,6,2015-10-22,,100000004,EUR,250.73,210.7,40.03,C,P,D
500000282,29,2015-10-09,3,2015-10-23,,100000006,EUR,10549.35,8865,1684.35,X,I,I
500000283,33,2015-10-10,3,2015-10-24,,100000009,EUR,195.16,164,31.16,N,I,I
500000284,11,2015-10-11,22,2015-10-25,,100000000,EUR,107100,90000,17100,P,P,I
500000285,5,2015-10-12,4,2015-10-26,,100000002,EUR,4415.73,3710.7,705.03,P,I,I
500000286,7,2015-10-13,14,2015-10-27,,100000003,EUR,325.94,273.9,52.04,C,P,D
500000287,8,2015-10-14,22,2015-10-28,,100000005,EUR,24220.07,20353,3867.07,N,I,I
500000288,25,2015-10-15,19,2015-10-29,,100000006,EUR,4499.87,3781.4,718.47,P,P,D
500000289,9,2015-10-16,30,2015-10-30,,100000006,EUR,2727.24,2291.8,435.44,N,I,I
500000290,4,2015-10-17,32,2015-10-31,,100000008,EUR,530.62,445.9,84.72,N,I,I
500000291,12,2015-10-18,22,2015-11-01,,100000004,EUR,803.25,675,128.25,C,P,D
500000292,29,2015-10-19,30,2015-11-02,,100000002,EUR,178.14,149.7,28.44,N,I,I
500000293,4,2015-10-20,15,2015-11-03,,100000005,EUR,871.55,732.4,139.15,X,I,I
500000294,20,2015-10-21,29,2015-11-04,,100000009,EUR,6543.8,5499,1044.8,N,I,I
500000295,22,2015-10-22,23,2015-11-05,,100000000,EUR,113032.74,94985.5,18047.24,X,I,I
500000296,13,2015-10-23,24,2015-11-06,,100000002,EUR,114.24,96,18.24,N,I,I
500000297,18,2015-10-24,15,2015-11-07,,100000008,EUR,521.22,438,83.22,X,I,I
500000298,24,2015-10-25,18,2015-11-08,,100000006,EUR,411.5,345.8,65.7,X,I,I
500000299,9,2015-10-26,25,2015-11-09,,100000005,EUR,11379.97,9563,1816.97,C,P,D
500000300,13,2015-10-27,17,2015-11-10,,100000026,EUR,26581.03,22337,4244.03,X,I,I
500000301,19,2015-10-28,16,2015-11-11,,100000025,EUR,9417.66,7914,1503.66,P,I,I
500000302,21,2015-10-29,32,2015-11-12,,100000022,EUR,5631.08,4732,899.08,N,I,I
500000303,5,2015-10-30,11,2015-11-13,,100000024,EUR,1405.39,1181,224.39,C,P,D
500000304,1,2015-10-31,27,2015-11-14,,100000024,EUR,761.24,639.7,121.54,X,I,I
500000305,33,2015-11-01,20,2015-11-15,,100000021,EUR,101299.22,85125.4,16173.82,N,I,I
500000306,14,2015-11-02,9,2015-11-16,,100000023,EUR,250.73,210.7,40.03,N,I,I
500000307,12,2015-11-03,24,2015-11-17,,100000019,EUR,10549.35,8865,1684.35,X,I,I
500000308,32,2015-11-04,31,2015-11-18,,100000026,EUR,195.16,164,31.16,N,I,I
500000309,24,2015-11-05,6,2015-11-19,,100000026,EUR,3972.22,3338,634.22,P,I,D
500000310,17,2015-11-06,12,2015-11-20,,100000025,EUR,3598.92,3024.3,574.62,X,I,I
500000311,8,2015-11-07,15,2015-11-21,,100000019,EUR,325.94,273.9,52.04,C,P,D
500000312,13,2015-11-08,4,2015-11-22,,100000022,EUR,24395,20500,3895,C,P,D
500000313,27,2015-11-09,14,2015-11-23,,100000024,EUR,5527.55,4645,882.55,P,P,I
500000314,15,2015-11-10,11,2015-11-24,,100000024,EUR,3459.33,2907,552.33,C,P,D
500000315,12,2015-11-11,7,2015-11-25,,100000021,EUR,852.04,716,136.04,X,I,I
500000316,28,2015-11-12,23,2015-11-26,,100000019,EUR,1916.5,1610.5,306,X,I,I
500000317,3,2015-11-13,8,2015-11-27,,100000022,EUR,178.14,149.7,28.44,X,I,I
500000318,10,2015-11-14,10,2015-11-28,,100000025,EUR,871.55,732.4,139.15,C,P,D
500000319,9,2015-11-15,3,2015-11-29,,100000026,EUR,1028.15,864,164.15,X,I,I
500000320,29,2015-11-16,11,2015-11-30,,100000026,EUR,5523.38,4641.5,881.88,X,I,I
500000321,21,2015-11-17,23,2015-12-01,,100000025,EUR,187.54,157.6,29.94,P,I,I
500000322,33,2015-11-18,26,2015-12-02,,100000024,EUR,521.22,438,83.22,P,P,D
500000323,19,2015-11-19,11,2015-12-03,,100000021,EUR,411.5,345.8,65.7,N,I,I
500000324,18,2015-11-20,14,2015-12-04,,100000022,EUR,11552.52,9708,1844.52,P,I,I
500000325,14,2015-11-21,21,2015-12-05,,100000023,EUR,26581.03,22337,4244.03,P,P,I
500000326,24,2015-11-22,17,2015-12-06,,100000023,EUR,9417.66,7914,1503.66,N,I,I
500000327,16,2015-11-23,26,2015-12-07,,100000023,EUR,5631.08,4732,899.08,C,P,D
500000328,12,2015-11-24,24,2015-12-08,,100000021,EUR,1405.39,1181,224.39,P,I,D
500000329,20,2015-11-25,31,2015-12-09,,100000019,EUR,761.24,639.7,121.54,C,P,D
500000330,12,2015-11-26,6,2015-12-10,,100000024,EUR,101299.22,85125.4,16173.82,P,P,D
500000331,13,2015-11-27,27,2015-12-11,,100000019,EUR,250.73,210.7,40.03,N,I,I
500000332,22,2015-11-28,6,2015-12-12,,100000024,EUR,10549.35,8865,1684.35,X,I,I
500000333,2,2015-11-29,8,2015-12-13,,100000026,EUR,195.16,164,31.16,P,I,I
500000334,31,2015-11-30,9,2015-12-14,,100000026,EUR,107100,90000,17100,X,I,I
500000335,23,2015-12-01,7,2015-12-15,,100000025,EUR,4415.73,3710.7,705.03,X,I,I
500000336,11,2015-12-02,5,2015-12-16,,100000023,EUR,325.94,273.9,52.04,C,P,D
500000337,18,2015-12-03,27,2015-12-17,,100000022,EUR,24220.07,20353,3867.07,C,P,D
500000338,21,2015-12-04,25,2015-12-18,,100000024,EUR,4499.87,3781.4,718.47,X,I,I
500000339,5,2015-12-05,33,2015-12-19,,100000024,EUR,2727.24,2291.8,435.44,N,I,I
500000340,15,2015-12-06,21,2015-12-20,,100000021,EUR,530.62,445.9,84.72,X,I,I
500000341,17,2015-12-07,28,2015-12-21,,100000019,EUR,803.25,675,128.25,N,I,I
500000342,5,2015-12-08,19,2015-12-22,,100000025,EUR,178.14,149.7,28.44,C,P,D
500000343,33,2015-12-09,10,2015-12-23,,100000022,EUR,871.55,732.4,139.15,P,P,D
500000344,3,2015-12-10,9,2015-12-24,,100000026,EUR,6543.8,5499,1044.8,C,P,D
500000345,23,2015-12-11,18,2015-12-25,,100000026,EUR,113032.74,94985.5,18047.24,N,I,I
500000346,26,2015-12-12,32,2015-12-26,,100000025,EUR,114.24,96,18.24,X,I,I
500000347,30,2015-12-13,29,2015-12-27,,100000021,EUR,521.22,438,83.22,C,P,D
500000348,15,2015-12-14,2,2015-12-28,,100000024,EUR,411.5,345.8,65.7,P,P,D
500000349,25,2015-12-15,7,2015-12-29,,100000022,EUR,11379.97,9563,1816.97,X,I,I
500000350,18,2015-12-16,26,2015-12-30,,100000012,EUR,26581.03,22337,4244.03,N,I,I
500000351,15,2015-12-17,15,2015-12-31,,100000011,EUR,9417.66,7914,1503.66,X,I,I
500000352,10,2015-12-18,32,2014-01-01,,100000015,EUR,5631.08,4732,899.08,P,I,D
500000353,18,2015-12-19,12,2014-01-02,,100000013,EUR,1405.39,1181,224.39,C,P,D
500000354,18,2015-12-20,7,2014-01-03,,100000013,EUR,761.24,639.7,121.54,P,P,I
500000355,15,2015-12-21,26,2014-01-04,,100000014,EUR,101299.22,85125.4,16173.82,N,I,I
500000356,1,2015-12-22,21,2014-01-05,,100000016,EUR,250.73,210.7,40.03,C,P,D
500000357,4,2015-12-23,12,2014-01-06,,100000017,EUR,10549.35,8865,1684.35,N,I,I
500000358,24,2015-12-24,12,2014-01-07,,100000018,EUR,195.16,164,31.16,N,I,I
500000359,27,2015-12-25,23,2014-01-08,,100000012,EUR,3972.22,3338,634.22,X,I,I
500000360,24,2015-12-26,29,2014-01-09,,100000011,EUR,3598.92,3024.3,574.62,N,I,I
500000361,33,2015-12-27,6,2014-01-10,,100000017,EUR,325.94,273.9,52.04,N,I,I
500000362,27,2015-12-28,30,2014-01-11,,100000015,EUR,24395,20500,3895,C,P,D
500000363,18,2015-12-29,19,2014-01-12,,100000013,EUR,5527.55,4645,882.55,N,I,I
500000364,8,2015-12-30,28,2014-01-13,,100000013,EUR,3459.33,2907,552.33,C,P,D
500000365,25,2015-12-31,15,2014-01-14,,100000014,EUR,852.04,716,136.04,C,P,D
500000366,8,2015-01-01,8,2015-01-15,,100000017,EUR,1916.5,1610.5,306,X,I,I
500000367,26,2015-01-02,15,2015-01-16,,100000015,EUR,178.14,149.7,28.44,P,P,I
500000368,17,2015-01-03,12,2015-01-17,,100000011,EUR,871.55,732.4,139.15,C,P,D
500000369,25,2015-01-04,16,2015-01-18,,100000018,EUR,1028.15,864,164.15,N,I,I
500000370,20,2015-01-05,8,2015-01-19,,100000012,EUR,5523.38,4641.5,881.88,X,I,I
500000371,17,2015-01-06,29,2015-01-20,,100000011,EUR,187.54,157.6,29.94,C,P,D
500000372,1,2015-01-07,11,2015-01-21,,100000013,EUR,521.22,438,83.22,C,P,D
500000373,1,2015-01-08,1,2015-01-22,,100000014,EUR,411.5,345.8,65.7,C,P,D
500000374,20,2015-01-09,17,2015-01-23,,100000015,EUR,11552.52,9708,1844.52,N,I,I
500000375,18,2015-01-10,8,2015-01-24,,100000016,EUR,26581.03,22337,4244.03,N,I,I
500000376,1,2015-01-11,27,2015-01-25,,100000016,EUR,9417.66,7914,1503.66,X,I,I
500000377,30,2015-01-12,17,2015-01-26,,100000016,EUR,5631.08,4732,899.08,N,I,I
500000378,1,2015-01-13,33,2015-01-27,,100000014,EUR,1405.39,1181,224.39,P,I,I
500000379,5,2015-01-14,8,2015-01-28,,100000017,EUR,761.24,639.7,121.54,N,I,I
500000380,7,2015-01-15,12,2015-01-29,,100000013,EUR,101299.22,85125.4,16173.82,X,I,I
500000381,8,2015-01-16,22,2015-01-30,,100000017,EUR,250.73,210.7,40.03,N,I,I
500000382,25,2015-01-17,32,2015-01-31,,100000013,EUR,10549.35,8865,1684.35,P,I,I
500000383,13,2015-01-18,18,2015-02-01,,100000018,EUR,195.16,164,31.16,C,P,D
500000384,1,2015-01-19,9,2015-02-02,,100000012,EUR,107100,90000,17100,N,I,I
500000385,21,2015-01-20,7,2015-02-03,,100000011,EUR,4415.73,3710.7,705.03,X,I,I
500000386,14,2015-01-21,8,2015-02-04,,100000016,EUR,325.94,273.9,52.04,X,I,I
500000387,19,2015-01-22,12,2015-02-05,,100000015,EUR,24220.07,20353,3867.07,X,I,I
500000388,19,2015-01-23,9,2015-02-06,,100000013,EUR,4499.87,3781.4,718.47,X,I,I
500000389,2,2015-01-24,13,2015-02-07,,100000013,EUR,2727.24,2291.8,435.44,N,I,I
500000390,21,2015-01-25,26,2015-02-08,,100000014,EUR,530.62,445.9,84.72,P,I,D
500000391,22,2015-01-26,28,2015-02-09,,100000017,EUR,803.25,675,128.25,P,P,I
500000392,6,2015-01-27,7,2015-02-10,,100000011,EUR,178.14,149.7,28.44,C,P,D
500000393,8,2015-01-28,12,2015-02-11,,100000015,EUR,871.55,732.4,139.15,X,I,I
500000394,20,2015-01-29,20,2015-02-12,,100000018,EUR,6543.8,5499,1044.8,N,I,I
500000395,28,2015-01-30,23,2015-02-13,,100000012,EUR,113032.74,94985.5,18047.24,P,I,D
500000396,17,2015-01-31,22,2015-02-14,,100000011,EUR,114.24,96,18.24,P,P,D
500000397,10,2015-02-01,32,2015-02-15,,100000014,EUR,521.22,438,83.22,X,I,I
500000398,18,2015-02-02,17,2015-02-16,,100000013,EUR,411.5,345.8,65.7,P,P,D
500000399,24,2015-02-03,17,2015-02-17,,100000015,EUR,11379.97,9563,1816.97,X,I,I
500000400,11,2015-02-04,10,2015-02-18,,100000028,EUR,26581.03,22337,4244.03,C,P,D
500000401,16,2015-02-05,5,2015-02-19,,100000030,EUR,9417.66,7914,1503.66,P,I,I
500000402,27,2015-02-06,16,2015-02-20,,100000031,EUR,5631.08,4732,899.08,N,I,I
500000403,1,2015-02-07,26,2015-02-21,,100000032,EUR,1405.39,1181,224.39,X,I,I
500000404,28,2015-02-08,25,2015-02-22,,100000032,EUR,761.24,639.7,121.54,P,P,I
500000405,27,2015-02-09,11,2015-02-23,,100000033,EUR,101299.22,85125.4,16173.82,C,P,D
500000406,28,2015-02-10,25,2015-02-24,,100000034,EUR,250.73,210.7,40.03,X,I,I
500000407,25,2015-02-11,10,2015-02-25,,100000035,EUR,10549.35,8865,1684.35,X,I,I
500000408,8,2015-02-12,19,2015-02-26,,100000027,EUR,195.16,164,31.16,X,I,I
500000409,17,2015-02-13,20,2015-02-27,,100000028,EUR,3972.22,3338,634.22,C,P,D
500000410,30,2015-02-14,16,2015-02-28,,100000030,EUR,3598.92,3024.3,574.62,C,P,D
500000411,17,2015-02-15,3,2015-02-28,,100000035,EUR,325.94,273.9,52.04,X,I,I
500000412,20,2015-02-16,8,2015-03-01,,100000031,EUR,24395,20500,3895,X,I,I
500000413,19,2015-02-17,21,2015-03-02,,100000032,EUR,5527.55,4645,882.55,X,I,I
500000414,11,2015-02-18,7,2015-03-03,,100000032,EUR,3459.33,2907,552.33,P,I,I
500000415,22,2015-02-19,3,2015-03-04,,100000033,EUR,852.04,716,136.04,X,I,I
500000416,3,2015-02-20,18,2015-03-05,,100000035,EUR,1916.5,1610.5,306,X,I,I
500000417,5,2015-02-21,22,2015-03-06,,100000031,EUR,178.14,149.7,28.44,N,I,I
500000418,28,2015-02-22,28,2015-03-07,,100000030,EUR,871.55,732.4,139.15,C,P,D
500000419,30,2015-02-23,6,2015-03-08,,100000027,EUR,1028.15,864,164.15,N,I,I
500000420,8,2015-02-24,10,2015-03-09,,100000028,EUR,5523.38,4641.5,881.88,P,P,D
500000421,16,2015-02-25,10,2015-03-10,,100000030,EUR,187.54,157.6,29.94,X,I,I
500000422,3,2015-02-26,10,2015-03-11,,100000032,EUR,521.22,438,83.22,P,I,I
500000423,26,2015-02-27,20,2015-03-12,,100000033,EUR,411.5,345.8,65.7,C,P,D
500000424,17,2015-02-28,16,2015-03-13,,100000031,EUR,11552.52,9708,1844.52,C,P,D
500000425,20,2015-02-28,3,2015-03-14,,100000034,EUR,26581.03,22337,4244.03,N,I,I
500000426,31,2015-03-01,5,2015-03-15,,100000034,EUR,9417.66,7914,1503.66,C,P,D
500000427,14,2015-03-02,10,2015-03-16,,100000034,EUR,5631.08,4732,899.08,N,I,I
500000428,19,2015-03-03,7,2015-03-17,,100000033,EUR,1405.39,1181,224.39,N,I,I
500000429,24,2015-03-04,12,2015-03-18,,100000035,EUR,761.24,639.7,121.54,N,I,I
500000430,19,2015-03-05,10,2015-03-19,,100000032,EUR,101299.22,85125.4,16173.82,C,P,D
500000431,4,2015-03-06,15,2015-03-20,,100000035,EUR,250.73,210.7,40.03,C,P,D
500000432,8,2015-03-07,28,2015-03-21,,100000032,EUR,10549.35,8865,1684.35,P,I,D
500000433,16,2015-03-08,33,2015-03-22,,100000027,EUR,195.16,164,31.16,X,I,I
500000434,29,2015-03-09,21,2015-03-23,,100000028,EUR,107100,90000,17100,X,I,I
500000435,16,2015-03-10,30,2015-03-24,,100000030,EUR,4415.73,3710.7,705.03,C,P,D
500000436,1,2015-03-11,5,2015-03-25,,100000034,EUR,325.94,273.9,52.04,N,I,I
500000437,7,2015-03-12,15,2015-03-26,,100000031,EUR,24220.07,20353,3867.07,N,I,I
500000438,25,2015-03-13,15,2015-03-27,,100000032,EUR,4499.87,3781.4,718.47,P,P,D
500000439,5,2015-03-14,24,2015-03-28,,100000032,EUR,2727.24,2291.8,435.44,C,P,D
500000440,14,2015-03-15,16,2015-03-29,,100000033,EUR,530.62,445.9,84.72,P,I,I
500000441,9,2015-03-16,15,2015-03-30,,100000035,EUR,803.25,675,128.25,C,P,D
500000442,17,2015-03-17,10,2015-03-31,,100000030,EUR,178.14,149.7,28.44,P,P,I
500000443,30,2015-03-18,2,2015-04-01,,100000031,EUR,871.55,732.4,139.15,X,I,I
500000444,21,2015-03-19,19,2015-04-02,,100000027,EUR,6543.8,5499,1044.8,X,I,I
500000445,12,2015-03-20,30,2015-04-03,,100000028,EUR,113032.74,94985.5,18047.24,X,I,I
500000446,5,2015-03-21,14,2015-04-04,,100000030,EUR,114.24,96,18.24,N,I,I
500000447,16,2015-03-22,11,2015-04-05,,100000033,EUR,521.22,438,83.22,X,I,I
500000448,1,2015-03-23,15,2015-04-06,,100000032,EUR,411.5,345.8,65.7,N,I,I
500000449,28,2015-03-24,7,2015-04-07,,100000031,EUR,11379.97,9563,1816.97,P,P,I
500000450,20,2015-03-25,30,2015-04-08,,100000044,EUR,26581.03,22337,4244.03,P,I,D
500000451,11,2015-03-26,6,2015-04-09,,100000036,EUR,9417.66,7914,1503.66,X,I,I
500000452,9,2015-03-27,19,2015-04-10,,100000038,EUR,5631.08,4732,899.08,N,I,I
500000453,30,2015-03-28,4,2015-04-11,,100000037,EUR,1405.39,1181,224.39,C,P,D
500000454,3,2015-03-29,13,2015-04-12,,100000037,EUR,761.24,639.7,121.54,C,P,D
500000455,15,2015-03-30,11,2015-04-13,,100000042,EUR,101299.22,85125.4,16173.82,X,I,I
500000456,16,2015-03-31,29,2015-04-14,,100000044,EUR,250.73,210.7,40.03,N,I,I
500000457,1,2015-04-01,26,2015-04-15,,100000041,EUR,10549.35,8865,1684.35,C,P,D
500000458,14,2015-04-02,21,2015-04-16,,100000043,EUR,195.16,164,31.16,P,P,D
500000459,33,2015-04-03,29,2015-04-17,,100000044,EUR,3972.22,3338,634.22,N,I,I
500000460,3,2015-04-04,9,2015-04-18,,100000036,EUR,3598.92,3024.3,574.62,N,I,I
500000461,14,2015-04-05,25,2015-04-19,,100000041,EUR,325.94,273.9,52.04,N,I,I
500000462,16,2015-04-06,18,2015-04-20,,100000038,EUR,24395,20500,3895,P,P,D
500000463,11,2015-04-07,21,2015-04-21,,100000037,EUR,5527.55,4645,882.55,N,I,I
500000464,7,2015-04-08,21,2015-04-22,,100000037,EUR,3459.33,2907,552.33,P,I,D
500000465,13,2015-04-09,17,2015-04-23,,100000042,EUR,852.04,716,136.04,P,P,I
500000466,27,2015-04-10,5,2015-04-24,,100000041,EUR,1916.5,1610.5,306,N,I,I
500000467,16,2015-04-11,11,2015-04-25,,100000038,EUR,178.14,149.7,28.44,X,I,I
500000468,2,2015-04-12,30,2015-04-26,,100000036,EUR,871.55,732.4,139.15,C,P,D
500000469,16,2015-04-13,32,2015-04-27,,100000043,EUR,1028.15,864,164.15,N,I,I
500000470,33,2015-04-14,7,2015-04-28,,100000044,EUR,5523.38,4641.5,881.88,P,P,D
500000471,6,2015-04-15,33,2015-04-29,,100000036,EUR,187.54,157.6,29.94,P,I,I
500000472,33,2015-04-16,7,2015-04-30,,100000037,EUR,521.22,438,83.22,N,I,I
500000473,14,2015-04-17,4,2015-05-01,,100000042,EUR,411.5,345.8,65.7,P,P,D
500000474,2,2015-04-18,11,2015-05-02,,100000038,EUR,11552.52,9708,1844.52,C,P,D
500000475,30,2015-04-19,15,2015-05-03,,100000044,EUR,26581.03,22337,4244.03,X,I,I
500000476,29,2015-04-20,17,2015-05-04,,100000044,EUR,9417.66,7914,1503.66,N,I,I
500000477,21,2015-04-21,8,2015-05-05,,100000044,EUR,5631.08,4732,899.08,P,P,I
500000478,12,2015-04-22,15,2015-05-06,,100000042,EUR,1405.39,1181,224.39,P,P,D
500000479,25,2015-04-23,3,2015-05-07,,100000041,EUR,761.24,639.7,121.54,X,I,I
500000480,4,2015-04-24,9,2015-05-08,,100000037,EUR,101299.22,85125.4,16173.82,X,I,I
500000481,31,2015-04-25,20,2015-05-09,,100000041,EUR,250.73,210.7,40.03,N,I,I
500000482,21,2015-04-26,21,2015-05-10,,100000037,EUR,10549.35,8865,1684.35,X,I,I
500000483,26,2015-04-27,22,2015-05-11,,100000043,EUR,195.16,164,31.16,P,P,D
500000484,12,2015-04-28,21,2015-05-12,,100000044,EUR,107100,90000,17100,P,P,D
500000485,10,2015-04-29,22,2015-05-13,,100000036,EUR,4415.73,3710.7,705.03,N,I,I
500000486,24,2015-04-30,29,2015-05-14,,100000044,EUR,325.94,273.9,52.04,X,I,I
500000487,13,2015-05-01,9,2015-05-15,,100000038,EUR,24220.07,20353,3867.07,C,P,D
500000488,5,2015-05-02,27,2015-05-16,,100000037,EUR,4499.87,3781.4,718.47,C,P,D
500000489,27,2015-05-03,29,2015-05-17,,100000037,EUR,2727.24,2291.8,435.44,P,P,D
500000490,15,2015-05-04,1,2015-05-18,,100000042,EUR,530.62,445.9,84.72,C,P,D
500000491,8,2015-05-05,12,2015-05-19,,100000041,EUR,803.25,675,128.25,C,P,D
500000492,11,2015-05-06,13,2015-05-20,,100000036,EUR,178.14,149.7,28.44,P,I,I
500000493,22,2015-05-07,13,2015-05-21,,100000038,EUR,871.55,732.4,139.15,C,P,D
500000494,26,2015-05-08,11,2015-05-22,,100000043,EUR,6543.8,5499,1044.8,P,I,I
500000495,27,2015-05-09,22,2015-05-23,,100000044,EUR,113032.74,94985.5,18047.24,C,P,D
500000496,27,2015-05-10,16,2015-05-24,,100000036,EUR,114.24,96,18.24,N,I,I
500000497,29,2015-05-11,6,2015-05-25,,100000042,EUR,521.22,438,83.22,X,I,I
500000498,24,2015-05-12,14,2015-05-26,,100000037,EUR,411.5,345.8,65.7,P,P,D
500000499,31,2015-05-13,16,2015-05-27,,100000038,EUR,11379.97,9563,1816.97,P,I,D
500000500,33,2015-05-14,31,2015-05-28,,100000000,EUR,26581.03,22337,4244.03,N,I,I
500000501,9,2015-05-15,31,2015-05-29,,100000002,EUR,9417.66,7914,1503.66,N,I,I
500000502,26,2015-05-16,19,2015-05-30,,100000005,EUR,5631.08,4732,899.08,P,I,D
500000503,8,2015-05-17,11,2015-05-31,,100000006,EUR,1405.39,1181,224.39,C,P,D
500000504,16,2015-05-18,26,2015-06-01,,100000006,EUR,761.24,639.7,121.54,C,P,D
500000505,32,2015-05-19,13,2015-06-02,,100000008,EUR,101299.22,85125.4,16173.82,X,I,I
500000506,18,2015-05-20,1,2015-06-03,,100000003,EUR,250.73,210.7,40.03,P,P,D
500000507,2,2015-05-21,32,2015-06-04,,100000004,EUR,10549.35,8865,1684.35,C,P,D
500000508,30,2015-05-22,19,2015-06-05,,100000009,EUR,195.16,164,31.16,P,P,D
500000509,22,2015-05-23,1,2015-06-06,,100000000,EUR,3972.22,3338,634.22,X,I,I
500000510,21,2015-05-24,8,2015-06-07,,100000002,EUR,3598.92,3024.3,574.62,N,I,I
500000511,33,2015-05-25,2,2015-06-08,,100000004,EUR,325.94,273.9,52.04,X,I,I
500000512,25,2015-05-26,32,2015-06-09,,100000005,EUR,24395,20500,3895,C,P,D
500000513,19,2015-05-27,15,2015-06-10,,100000006,EUR,5527.55,4645,882.55,X,I,I
500000514,30,2015-05-28,3,2015-06-11,,100000006,EUR,3459.33,2907,552.33,N,I,I
500000515,21,2015-05-29,18,2015-06-12,,100000008,EUR,852.04,716,136.04,P,P,D
500000516,19,2015-05-30,15,2015-06-13,,100000004,EUR,1916.5,1610.5,306,X,I,I
500000517,20,2015-05-31,33,2015-06-14,,100000005,EUR,178.14,149.7,28.44,X,I,I
500000518,25,2015-06-01,13,2015-06-15,,100000002,EUR,871.55,732.4,139.15,X,I,I
500000519,33,2015-06-02,22,2015-06-16,,100000009,EUR,1028.15,864,164.15,C,P,D
500000520,26,2015-06-03,33,2015-06-17,,100000000,EUR,5523.38,4641.5,881.88,X,I,I
500000521,14,2015-06-04,32,2015-06-18,,100000002,EUR,187.54,157.6,29.94,N,I,I
500000522,18,2015-06-05,22,2015-06-19,,100000006,EUR,521.22,438,83.22,P,I,I
500000523,2,2015-06-06,21,2015-06-20,,100000008,EUR,411.5,345.8,65.7,N,I,I
500000524,18,2015-06-07,6,2015-06-21,,100000005,EUR,11552.52,9708,1844.52,P,I,I
500000525,23,2015-06-08,24,2015-06-22,,100000003,EUR,26581.03,22337,4244.03,N,I,I
500000526,6,2015-06-09,2,2015-06-23,,100000003,EUR,9417.66,7914,1503.66,N,I,I
500000527,18,2015-06-10,11,2015-06-24,,100000003,EUR,5631.08,4732,899.08,P,P,I
500000528,7,2015-06-11,18,2015-06-25,,100000008,EUR,1405.39,1181,224.39,P,P,D
500000529,28,2015-06-12,7,2015-06-26,,100000004,EUR,761.24,639.7,121.54,C,P,D
500000530,24,2015-06-13,14,2015-06-27,,100000006,EUR,101299.22,85125.4,16173.82,C,P,D
500000531,21,2015-06-14,21,2015-06-28,,100000004,EUR,250.73,210.7,40.03,X,I,I
500000532,12,2015-06-15,31,2015-06-29,,100000006,EUR,10549.35,8865,1684.35,C,P,D
500000533,27,2015-06-16,4,2015-06-30,,100000009,EUR,195.16,164,31.16,N,I,I
500000534,2,2015-06-17,15,2015-07-01,,100000000,EUR,107100,90000,17100,N,I,I
500000535,9,2015-06-18,8,2015-07-02,,100000002,EUR,4415.73,3710.7,705.03,X,I,I
500000536,32,2015-06-19,13,2015-07-03,,100000003,EUR,325.94,273.9,52.04,N,I,I
500000537,15,2015-06-20,23,2015-07-04,,100000005,EUR,24220.07,20353,3867.07,P,I,I
500000538,15,2015-06-21,32,2015-07-05,,100000006,EUR,4499.87,3781.4,718.47,N,I,I
500000539,2,2015-06-22,11,2015-07-06,,100000006,EUR,2727.24,2291.8,435.44,P,I,I
500000540,7,2015-06-23,5,2015-07-07,,100000008,EUR,530.62,445.9,84.72,P,P,I
500000541,13,2015-06-24,8,2015-07-08,,100000004,EUR,803.25,675,128.25,N,I,I
500000542,2,2015-06-25,22,2015-07-09,,100000002,EUR,178.14,149.7,28.44,X,I,I
500000543,5,2015-06-26,5,2015-07-10,,100000005,EUR,871.55,732.4,139.15,C,P,D
500000544,23,2015-06-27,18,2015-07-11,,100000009,EUR,6543.8,5499,1044.8,C,P,D
500000545,13,2015-06-28,7,2015-07-12,,100000000,EUR,113032.74,94985.5,18047.24,X,I,I
500000546,6,2015-06-29,11,2015-07-13,,100000002,EUR,114.24,96,18.24,C,P,D
500000547,3,2015-06-30,27,2015-07-14,,100000008,EUR,521.22,438,83.22,P,P,D
500000548,13,2015-07-01,9,2015-07-15,,100000006,EUR,411.5,345.8,65.7,N,I,I
500000549,33,2015-07-02,4,2015-07-16,,100000005,EUR,11379.97,9563,1816.97,N,I,I
500000550,3,2015-07-03,12,2015-07-17,,100000026,EUR,26581.03,22337,4244.03,X,I,I
500000551,32,2015-07-04,26,2015-07-18,,100000025,EUR,9417.66,7914,1503.66,X,I,I
500000552,28,2015-07-05,24,2015-07-19,,100000022,EUR,5631.08,4732,899.08,C,P,D
500000553,29,2015-07-06,11,2015-07-20,,100000024,EUR,1405.39,1181,224.39,N,I,I
500000554,12,2015-07-07,2,2015-07-21,,100000024,EUR,761.24,639.7,121.54,P,P,D
500000555,20,2015-07-08,6,2015-07-22,,100000021,EUR,101299.22,85125.4,16173.82,X,I,I
500000556,33,2015-07-09,27,2015-07-23,,100000023,EUR,250.73,210.7,40.03,C,P,D
500000557,6,2015-07-10,5,2015-07-24,,100000019,EUR,10549.35,8865,1684.35,C,P,D
500000558,23,2015-07-11,22,2015-07-25,,100000026,EUR,195.16,164,31.16,P,P,I
500000559,9,2015-07-12,5,2015-07-26,,100000026,EUR,3972.22,3338,634.22,X,I,I
500000560,30,2015-07-13,18,2015-07-27,,100000025,EUR,3598.92,3024.3,574.62,P,P,I
500000561,5,2015-07-14,33,2015-07-28,,100000019,EUR,325.94,273.9,52.04,N,I,I
500000562,21,2015-07-15,15,2015-07-29,,100000022,EUR,24395,20500,3895,P,I,I
500000563,15,2015-07-16,12,2015-07-30,,100000024,EUR,5527.55,4645,882.55,X,I,I
500000564,22,2015-07-17,9,2015-07-31,,100000024,EUR,3459.33,2907,552.33,P,P,D
500000565,3,2015-07-18,6,2015-08-01,,100000021,EUR,852.04,716,136.04,C,P,D
500000566,11,2015-07-19,26,2015-08-02,,100000019,EUR,1916.5,1610.5,306,N,I,I
500000567,23,2015-07-20,11,2015-08-03,,100000022,EUR,178.14,149.7,28.44,P,I,I
500000568,11,2015-07-21,17,2015-08-04,,100000025,EUR,871.55,732.4,139.15,X,I,I
500000569,27,2015-07-22,2,2015-08-05,,100000026,EUR,1028.15,864,164.15,N,I,I
500000570,20,2015-07-23,17,2015-08-06,,100000026,EUR,5523.38,4641.5,881.88,X,I,I
500000571,15,2015-07-24,28,2015-08-07,,100000025,EUR,187.54,157.6,29.94,X,I,I
500000572,5,2015-07-25,21,2015-08-08,,100000024,EUR,521.22,438,83.22,X,I,I
500000573,33,2015-07-26,6,2015-08-09,,100000021,EUR,411.5,345.8,65.7,N,I,I
500000574,13,2015-07-27,33,2015-08-10,,100000022,EUR,11552.52,9708,1844.52,P,P,D
500000575,14,2015-07-28,18,2015-08-11,,100000023,EUR,26581.03,22337,4244.03,C,P,D
500000576,25,2015-07-29,33,2015-08-12,,100000023,EUR,9417.66,7914,1503.66,X,I,I
500000577,25,2015-07-30,6,2015-08-13,,100000023,EUR,5631.08,4732,899.08,N,I,I
500000578,10,2015-07-31,12,2015-08-14,,100000021,EUR,1405.39,1181,224.39,P,I,D
500000579,12,2015-08-01,31,2015-08-15,,100000019,EUR,761.24,639.7,121.54,C,P,D
500000580,15,2015-08-02,13,2015-08-16,,100000024,EUR,101299.22,85125.4,16173.82,N,I,I
500000581,8,2015-08-03,7,2015-08-17,,100000019,EUR,250.73,210.7,40.03,N,I,I
500000582,4,2015-08-04,13,2015-08-18,,100000024,EUR,10549.35,8865,1684.35,N,I,I
500000583,22,2015-08-05,16,2015-08-19,,100000026,EUR,195.16,164,31.16,P,P,D
500000584,13,2015-08-06,32,2015-08-20,,100000026,EUR,107100,90000,17100,P,I,I
500000585,28,2015-08-07,16,2015-08-21,,100000025,EUR,4415.73,3710.7,705.03,P,I,I
500000586,17,2015-08-08,32,2015-08-22,,100000023,EUR,325.94,273.9,52.04,N,I,I
500000587,26,2015-08-09,6,2015-08-23,,100000022,EUR,24220.07,20353,3867.07,P,I,D
500000588,13,2015-08-10,25,2015-08-24,,100000024,EUR,4499.87,3781.4,718.47,P,P,D
500000589,2,2015-08-11,28,2015-08-25,,100000024,EUR,2727.24,2291.8,435.44,C,P,D
500000590,5,2015-08-12,7,2015-08-26,,100000021,EUR,530.62,445.9,84.72,N,I,I
500000591,26,2015-08-13,20,2015-08-27,,100000019,EUR,803.25,675,128.25,C,P,D
500000592,7,2015-08-14,2,2015-08-28,,100000025,EUR,178.14,149.7,28.44,P,P,D
500000593,21,2015-08-15,23,2015-08-29,,100000022,EUR,871.55,732.4,139.15,X,I,I
500000594,23,2015-08-16,17,2015-08-30,,100000026,EUR,6543.8,5499,1044.8,X,I,I
500000595,14,2015-08-17,30,2015-08-31,,100000026,EUR,113032.74,94985.5,18047.24,X,I,I
500000596,3,2015-08-18,1,2015-09-01,,100000025,EUR,114.24,96,18.24,P,P,D
500000597,31,2015-08-19,4,2015-09-02,,100000021,EUR,521.22,438,83.22,N,I,I
500000598,14,2015-08-20,7,2015-09-03,,100000024,EUR,411.5,345.8,65.7,X,I,I
500000599,1,2015-08-21,24,2015-09-04,,100000022,EUR,11379.97,9563,1816.97,P,P,I
500000600,2,2015-08-22,15,2015-09-05,,100000012,EUR,26581.03,22337,4244.03,N,I,I
500000601,27,2015-08-23,9,2015-09-06,,100000011,EUR,9417.66,7914,1503.66,X,I,I
500000602,8,2015-08-24,21,2015-09-07,,100000015,EUR,5631.08,4732,899.08,P,P,D
500000603,12,2015-08-25,17,2015-09-08,,100000013,EUR,1405.39,1181,224.39,P,P,D
500000604,7,2015-08-26,22,2015-09-09,,100000013,EUR,761.24,639.7,121.54,X,I,I
500000605,21,2015-08-27,16,2015-09-10,,100000014,EUR,101299.22,85125.4,16173.82,C,P,D
500000606,13,2015-08-28,11,2015-09-11,,100000016,EUR,250.73,210.7,40.03,X,I,I
500000607,30,2015-08-29,24,2015-09-12,,100000017,EUR,10549.35,8865,1684.35,C,P,D
500000608,32,2015-08-30,15,2015-09-13,,100000018,EUR,195.16,164,31.16,C,P,D
500000609,27,2015-08-31,22,2015-09-14,,100000012,EUR,3972.22,3338,634.22,X,I,I
500000610,13,2015-09-01,29,2015-09-15,,100000011,EUR,3598.92,3024.3,574.62,P,P,I
500000611,7,2015-09-02,14,2015-09-16,,100000017,EUR,325.94,273.9,52.04,N,I,I
500000612,3,2015-09-03,33,2015-09-17,,100000015,EUR,24395,20500,3895,X,I,I
500000613,5,2015-09-04,17,2015-09-18,,100000013,EUR,5527.55,4645,882.55,X,I,I
500000614,25,2015-09-05,14,2015-09-19,,100000013,EUR,3459.33,2907,552.33,N,I,I
500000615,28,2015-09-06,11,2015-09-20,,100000014,EUR,852.04,716,136.04,C,P,D
500000616,19,2015-09-07,7,2015-09-21,,100000017,EUR,1916.5,1610.5,306,C,P,D
500000617,8,2015-09-08,22,2015-09-22,,100000015,EUR,178.14,149.7,28.44,P,P,I
500000618,16,2015-09-09,16,2015-09-23,,100000011,EUR,871.55,732.4,139.15,C,P,D
500000619,9,2015-09-10,10,2015-09-24,,100000018,EUR,1028.15,864,164.15,P,P,D
500000620,4,2015-09-11,18,2015-09-25,,100000012,EUR,5523.38,4641.5,881.88,C,P,D
500000621,26,2015-09-12,9,2015-09-26,,100000011,EUR,187.54,157.6,29.94,N,I,I
500000622,22,2015-09-13,30,2015-09-27,,100000013,EUR,521.22,438,83.22,N,I,I
500000623,17,2015-09-14,21,2015-09-28,,100000014,EUR,411.5,345.8,65.7,X,I,I
500000624,16,2015-09-15,32,2015-09-29,,100000015,EUR,11552.52,9708,1844.52,X,I,I
500000625,19,2015-09-16,19,2015-09-30,,100000016,EUR,26581.03,22337,4244.03,C,P,D
500000626,25,2015-09-17,2,2015-10-01,,100000016,EUR,9417.66,7914,1503.66,N,I,I
500000627,33,2015-09-18,19,2015-10-02,,100000016,EUR,5631.08,4732,899.08,C,P,D
500000628,6,2015-09-19,19,2015-10-03,,100000014,EUR,1405.39,1181,224.39,N,I,I
500000629,31,2015-09-20,4,2015-10-04,,100000017,EUR,761.24,639.7,121.54,N,I,I
500000630,17,2015-09-21,1,2015-10-05,,100000013,EUR,101299.22,85125.4,16173.82,P,I,D
500000631,14,2015-09-22,27,2015-10-06,,100000017,EUR,250.73,210.7,40.03,X,I,I
500000632,1,2015-09-23,17,2015-10-07,,100000013,EUR,10549.35,8865,1684.35,N,I,I
500000633,2,2015-09-24,3,2015-10-08,,100000018,EUR,195.16,164,31.16,P,I,D
500000634,31,2015-09-25,32,2015-10-09,,100000012,EUR,107100,90000,17100,P,P,D
500000635,19,2015-09-26,10,2015-10-10,,100000011,EUR,4415.73,3710.7,705.03,C,P,D
500000636,22,2015-09-27,27,2015-10-11,,100000016,EUR,325.94,273.9,52.04,P,P,D
500000637,31,2015-09-28,23,2015-10-12,,100000015,EUR,24220.07,20353,3867.07,X,I,I
500000638,30,2015-09-29,11,2015-10-13,,100000013,EUR,4499.87,3781.4,718.47,P,P,I
500000639,28,2015-09-30,28,2015-10-14,,100000013,EUR,2727.24,2291.8,435.44,X,I,I
500000640,27,2015-10-01,1,2015-10-15,,100000014,EUR,530.62,445.9,84.72,N,I,I
500000641,24,2015-10-02,27,2015-10-16,,100000017,EUR,803.25,675,128.25,N,I,I
500000642,32,2015-10-03,22,2015-10-17,,100000011,EUR,178.14,149.7,28.44,C,P,D
500000643,7,2015-10-04,6,2015-10-18,,100000015,EUR,871.55,732.4,139.15,P,I,I
500000644,17,2015-10-05,22,2015-10-19,,100000018,EUR,6543.8,5499,1044.8,P,P,D
500000645,8,2015-10-06,13,2015-10-20,,100000012,EUR,113032.74,94985.5,18047.24,C,P,D
500000646,20,2015-10-07,14,2015-10-21,,100000011,EUR,114.24,96,18.24,P,P,D
500000647,26,2015-10-08,28,2015-10-22,,100000014,EUR,521.22,438,83.22,N,I,I
500000648,24,2015-10-09,13,2015-10-23,,100000013,EUR,411.5,345.8,65.7,X,I,I
500000649,16,2015-10-10,9,2015-10-24,,100000015,EUR,11379.97,9563,1816.97,P,P,I
500000650,9,2015-10-11,12,2015-10-25,,100000028,EUR,26581.03,22337,4244.03,X,I,I
500000651,25,2015-10-12,22,2015-10-26,,100000030,EUR,9417.66,7914,1503.66,C,P,D
500000652,9,2015-10-13,25,2015-10-27,,100000031,EUR,5631.08,4732,899.08,N,I,I
500000653,28,2015-10-14,5,2015-10-28,,100000032,EUR,1405.39,1181,224.39,P,I,I
500000654,14,2015-10-15,15,2015-10-29,,100000032,EUR,761.24,639.7,121.54,P,I,I
500000655,33,2015-10-16,16,2015-10-30,,100000033,EUR,101299.22,85125.4,16173.82,P,P,I
500000656,9,2015-10-17,25,2015-10-31,,100000034,EUR,250.73,210.7,40.03,P,I,I
500000657,24,2015-10-18,7,2015-11-01,,100000035,EUR,10549.35,8865,1684.35,P,I,I
500000658,32,2015-10-19,33,2015-11-02,,100000027,EUR,195.16,164,31.16,P,P,D
500000659,20,2015-10-20,3,2015-11-03,,100000028,EUR,3972.22,3338,634.22,C,P,D
500000660,27,2015-10-21,26,2015-11-04,,100000030,EUR,3598.92,3024.3,574.62,X,I,I
500000661,31,2015-10-22,2,2015-11-05,,100000035,EUR,325.94,273.9,52.04,C,P,D
500000662,16,2015-10-23,24,2015-11-06,,100000031,EUR,24395,20500,3895,C,P,D
500000663,27,2015-10-24,8,2015-11-07,,100000032,EUR,5527.55,4645,882.55,P,I,D
500000664,9,2015-10-25,7,2015-11-08,,100000032,EUR,3459.33,2907,552.33,P,P,D
500000665,19,2015-10-26,11,2015-11-09,,100000033,EUR,852.04,716,136.04,C,P,D
500000666,7,2015-10-27,29,2015-11-10,,100000035,EUR,1916.5,1610.5,306,X,I,I
500000667,15,2015-10-28,17,2015-11-11,,100000031,EUR,178.14,149.7,28.44,C,P,D
500000668,20,2015-10-29,28,2015-11-12,,100000030,EUR,871.55,732.4,139.15,N,I,I
500000669,4,2015-10-30,33,2015-11-13,,100000027,EUR,1028.15,864,164.15,X,I,I
500000670,16,2015-10-31,16,2015-11-14,,100000028,EUR,5523.38,4641.5,881.88,C,P,D
500000671,32,2015-11-01,27,2015-11-15,,100000030,EUR,187.54,157.6,29.94,N,I,I
500000672,21,2015-11-02,14,2015-11-16,,100000032,EUR,521.22,438,83.22,C,P,D
500000673,21,2015-11-03,13,2015-11-17,,100000033,EUR,411.5,345.8,65.7,X,I,I
500000674,14,2015-11-04,33,2015-11-18,,100000031,EUR,11552.52,9708,1844.52,P,I,I
500000675,8,2015-11-05,30,2015-11-19,,100000034,EUR,26581.03,22337,4244.03,X,I,I
500000676,11,2015-11-06,30,2015-11-20,,100000034,EUR,9417.66,7914,1503.66,X,I,I
500000677,12,2015-11-07,5,2015-11-21,,100000034,EUR,5631.08,4732,899.08,C,P,D
500000678,25,2015-11-08,32,2015-11-22,,100000033,EUR,1405.39,1181,224.39,C,P,D
500000679,24,2015-11-09,14,2015-11-23,,100000035,EUR,761.24,639.7,121.54,C,P,D
500000680,14,2015-11-10,20,2015-11-24,,100000032,EUR,101299.22,85125.4,16173.82,X,I,I
500000681,22,2015-11-11,29,2015-11-25,,100000035,EUR,250.73,210.7,40.03,C,P,D
500000682,4,2015-11-12,23,2015-11-26,,100000032,EUR,10549.35,8865,1684.35,C,P,D
500000683,19,2015-11-13,5,2015-11-27,,100000027,EUR,195.16,164,31.16,X,I,I
500000684,11,2015-11-14,32,2015-11-28,,100000028,EUR,107100,90000,17100,N,I,I
500000685,22,2015-11-15,20,2015-11-29,,100000030,EUR,4415.73,3710.7,705.03,C,P,D
500000686,2,2015-11-16,13,2015-11-30,,100000034,EUR,325.94,273.9,52.04,X,I,I
500000687,31,2015-11-17,27,2015-12-01,,100000031,EUR,24220.07,20353,3867.07,N,I,I
500000688,2,2015-11-18,3,2015-12-02,,100000032,EUR,4499.87,3781.4,718.47,N,I,I
500000689,14,2015-11-19,6,2015-12-03,,100000032,EUR,2727.24,2291.8,435.44,N,I,I
500000690,1,2015-11-20,32,2015-12-04,,100000033,EUR,530.62,445.9,84.72,C,P,D
500000691,4,2015-11-21,31,2015-12-05,,100000035,EUR,803.25,675,128.25,C,P,D
500000692,22,2015-11-22,5,2015-12-06,,100000030,EUR,178.14,149.7,28.44,N,I,I
500000693,28,2015-11-23,30,2015-12-07,,100000031,EUR,871.55,732.4,139.15,C,P,D
500000694,1,2015-11-24,32,2015-12-08,,100000027,EUR,6543.8,5499,1044.8,X,I,I
500000695,32,2015-11-25,3,2015-12-09,,100000028,EUR,113032.74,94985.5,18047.24,N,I,I
500000696,33,2015-11-26,7,2015-12-10,,100000030,EUR,114.24,96,18.24,X,I,I
500000697,7,2015-11-27,6,2015-12-11,,100000033,EUR,521.22,438,83.22,P,I,I
500000698,8,2015-11-28,16,2015-12-12,,100000032,EUR,411.5,345.8,65.7,C,P,D
500000699,27,2015-11-29,23,2015-12-13,,100000031,EUR,11379.97,9563,1816.97,P,P,D
500000700,20,2015-11-30,24,2015-12-14,,100000044,EUR,26581.03,22337,4244.03,X,I,I
500000701,27,2015-12-01,5,2015-12-15,,100000036,EUR,9417.66,7914,1503.66,C,P,D
500000702,23,2015-12-02,22,2015-12-16,,100000038,EUR,5631.08,4732,899.08,C,P,D
500000703,11,2015-12-03,21,2015-12-17,,100000037,EUR,1405.39,1181,224.39,C,P,D
500000704,1,2015-12-04,11,2015-12-18,,100000037,EUR,761.24,639.7,121.54,N,I,I
500000705,24,2015-12-05,12,2015-12-19,,100000042,EUR,101299.22,85125.4,16173.82,P,P,I
500000706,28,2015-12-06,7,2015-12-20,,100000044,EUR,250.73,210.7,40.03,X,I,I
500000707,17,2015-12-07,17,2015-12-21,,100000041,EUR,10549.35,8865,1684.35,X,I,I
500000708,32,2015-12-08,7,2015-12-22,,100000043,EUR,195.16,164,31.16,X,I,I
500000709,1,2015-12-09,23,2015-12-23,,100000044,EUR,3972.22,3338,634.22,X,I,I
500000710,1,2015-12-10,32,2015-12-24,,100000036,EUR,3598.92,3024.3,574.62,P,P,I
500000711,21,2015-12-11,27,2015-12-25,,100000041,EUR,325.94,273.9,52.04,C,P,D
500000712,33,2015-12-12,17,2015-12-26,,100000038,EUR,24395,20500,3895,P,P,I
500000713,26,2015-12-13,27,2015-12-27,,100000037,EUR,5527.55,4645,882.55,P,I,D
500000714,29,2015-12-14,6,2015-12-28,,100000037,EUR,3459.33,2907,552.33,X,I,I
500000715,24,2015-12-15,19,2015-12-29,,100000042,EUR,852.04,716,136.04,P,I,D
500000716,7,2015-12-16,20,2015-12-30,,100000041,EUR,1916.5,1610.5,306,X,I,I
500000717,4,2015-12-17,30,2015-12-31,,100000038,EUR,178.14,149.7,28.44,X,I,I
500000718,24,2015-12-18,25,2014-01-01,,100000036,EUR,871.55,732.4,139.15,N,I,I
500000719,19,2015-12-19,21,2014-01-02,,100000043,EUR,1028.15,864,164.15,N,I,I
500000720,26,2015-12-20,6,2014-01-03,,100000044,EUR,5523.38,4641.5,881.88,N,I,I
500000721,4,2015-12-21,23,2014-01-04,,100000036,EUR,187.54,157.6,29.94,N,I,I
500000722,28,2015-12-22,15,2014-01-05,,100000037,EUR,521.22,438,83.22,C,P,D
500000723,12,2015-12-23,29,2014-01-06,,100000042,EUR,411.5,345.8,65.7,X,I,I
500000724,27,2015-12-24,28,2014-01-07,,100000038,EUR,11552.52,9708,1844.52,N,I,I
500000725,19,2015-12-25,26,2014-01-08,,100000044,EUR,26581.03,22337,4244.03,X,I,I
500000726,5,2015-12-26,24,2014-01-09,,100000044,EUR,9417.66,7914,1503.66,C,P,D
500000727,29,2015-12-27,29,2014-01-10,,100000044,EUR,5631.08,4732,899.08,N,I,I
500000728,21,2015-12-28,14,2014-01-11,,100000042,EUR,1405.39,1181,224.39,N,I,I
500000729,1,2015-12-29,28,2014-01-12,,100000041,EUR,761.24,639.7,121.54,C,P,D
500000730,5,2015-12-30,30,2014-01-13,,100000037,EUR,101299.22,85125.4,16173.82,C,P,D
500000731,9,2015-12-31,19,2014-01-14,,100000041,EUR,250.73,210.7,40.03,P,P,I
500000732,32,2015-01-01,33,2015-01-15,,100000037,EUR,10549.35,8865,1684.35,P,I,I
500000733,11,2015-01-02,9,2015-01-16,,100000043,EUR,195.16,164,31.16,P,I,D
500000734,29,2015-01-03,1,2015-01-17,,100000044,EUR,107100,90000,17100,C,P,D
500000735,13,2015-01-04,28,2015-01-18,,100000036,EUR,4415.73,3710.7,705.03,N,I,I
500000736,29,2015-01-05,16,2015-01-19,,100000044,EUR,325.94,273.9,52.04,C,P,D
500000737,5,2015-01-06,22,2015-01-20,,100000038,EUR,24220.07,20353,3867.07,C,P,D
500000738,23,2015-01-07,8,2015-01-21,,100000037,EUR,4499.87,3781.4,718.47,X,I,I
500000739,24,2015-01-08,7,2015-01-22,,100000037,EUR,2727.24,2291.8,435.44,X,I,I
500000740,9,2015-01-09,10,2015-01-23,,100000042,EUR,530.62,445.9,84.72,X,I,I
500000741,31,2015-01-10,33,2015-01-24,,100000041,EUR,803.25,675,128.25,X,I,I
500000742,21,2015-01-11,2,2015-01-25,,100000036,EUR,178.14,149.7,28.44,N,I,I
500000743,20,2015-01-12,24,2015-01-26,,100000038,EUR,871.55,732.4,139.15,P,P,D
500000744,6,2015-01-13,16,2015-01-27,,100000043,EUR,6543.8,5499,1044.8,P,P,D
500000745,8,2015-01-14,23,2015-01-28,,100000044,EUR,113032.74,94985.5,18047.24,X,I,I
500000746,10,2015-01-15,12,2015-01-29,,100000036,EUR,114.24,96,18.24,X,I,I
500000747,7,2015-01-16,26,2015-01-30,,100000042,EUR,521.22,438,83.22,P,P,I
500000748,23,2015-01-17,4,2015-01-31,,100000037,EUR,411.5,345.8,65.7,X,I,I
500000749,21,2015-01-18,19,2015-02-01,,100000038,EUR,11379.97,9563,1816.97,P,I,D
500000750,26,2015-01-19,1,2015-02-02,,100000000,EUR,26581.03,22337,4244.03,X,I,I
500000751,8,2015-01-20,1,2015-02-03,,100000002,EUR,9417.66,7914,1503.66,C,P,D
500000752,31,2015-01-21,20,2015-02-04,,100000005,EUR,5631.08,4732,899.08,C,P,D
500000753,15,2015-01-22,22,2015-02-05,,100000006,EUR,1405.39,1181,224.39,X,I,I
500000754,18,2015-01-23,28,2015-02-06,,100000006,EUR,761.24,639.7,121.54,N,I,I
500000755,21,2015-01-24,18,2015-02-07,,100000008,EUR,101299.22,85125.4,16173.82,C,P,D
500000756,8,2015-01-25,24,2015-02-08,,100000003,EUR,250.73,210.7,40.03,P,P,I
500000757,25,2015-01-26,9,2015-02-09,,100000004,EUR,10549.35,8865,1684.35,N,I,I
500000758,18,2015-01-27,15,2015-02-10,,100000009,EUR,195.16,164,31.16,P,P,I
500000759,30,2015-01-28,4,2015-02-11,,100000000,EUR,3972.22,3338,634.22,X,I,I
500000760,21,2015-01-29,13,2015-02-12,,100000002,EUR,3598.92,3024.3,574.62,C,P,D
500000761,7,2015-01-30,18,2015-02-13,,100000004,EUR,325.94,273.9,52.04,P,P,D
500000762,17,2015-01-31,33,2015-02-14,,100000005,EUR,24395,20500,3895,P,I,I
500000763,25,2015-02-01,27,2015-02-15,,100000006,EUR,5527.55,4645,882.55,P,I,D
500000764,27,2015-02-02,14,2015-02-16,,100000006,EUR,3459.33,2907,552.33,P,I,D
500000765,7,2015-02-03,21,2015-02-17,,100000008,EUR,852.04,716,136.04,P,P,D
500000766,11,2015-02-04,26,2015-02-18,,100000004,EUR,1916.5,1610.5,306,P,I,I
500000767,2,2015-02-05,12,2015-02-19,,100000005,EUR,178.14,149.7,28.44,N,I,I
500000768,10,2015-02-06,7,2015-02-20,,100000002,EUR,871.55,732.4,139.15,C,P,D
500000769,5,2015-02-07,20,2015-02-21,,100000009,EUR,1028.15,864,164.15,X,I,I
500000770,19,2015-02-08,30,2015-02-22,,100000000,EUR,5523.38,4641.5,881.88,N,I,I
500000771,9,2015-02-09,32,2015-02-23,,100000002,EUR,187.54,157.6,29.94,C,P,D
500000772,7,2015-02-10,32,2015-02-24,,100000006,EUR,521.22,438,83.22,X,I,I
500000773,19,2015-02-11,7,2015-02-25,,100000008,EUR,411.5,345.8,65.7,N,I,I
500000774,20,2015-02-12,4,2015-02-26,,100000005,EUR,11552.52,9708,1844.52,C,P,D
500000775,26,2015-02-13,12,2015-02-27,,100000003,EUR,26581.03,22337,4244.03,C,P,D
500000776,9,2015-02-14,24,2015-02-28,,100000003,EUR,9417.66,7914,1503.66,C,P,D
500000777,14,2015-02-15,3,2015-02-28,,100000003,EUR,5631.08,4732,899.08,N,I,I
500000778,6,2015-02-16,29,2015-03-01,,100000008,EUR,1405.39,1181,224.39,C,P,D
500000779,24,2015-02-17,20,2015-03-02,,100000004,EUR,761.24,639.7,121.54,C,P,D
500000780,16,2015-02-18,19,2015-03-03,,100000006,EUR,101299.22,85125.4,16173.82,C,P,D
500000781,12,2015-02-19,27,2015-03-04,,100000004,EUR,250.73,210.7,40.03,X,I,I
500000782,25,2015-02-20,16,2015-03-05,,100000006,EUR,10549.35,8865,1684.35,C,P,D
500000783,10,2015-02-21,1,2015-03-06,,100000009,EUR,195.16,164,31.16,P,I,I
500000784,23,2015-02-22,5,2015-03-07,,100000000,EUR,107100,90000,17100,C,P,D
500000785,28,2015-02-23,27,2015-03-08,,100000002,EUR,4415.73,3710.7,705.03,X,I,I
500000786,6,2015-02-24,13,2015-03-09,,100000003,EUR,325.94,273.9,52.04,X,I,I
500000787,28,2015-02-25,12,2015-03-10,,100000005,EUR,24220.07,20353,3867.07,C,P,D
500000788,7,2015-02-26,18,2015-03-11,,100000006,EUR,4499.87,3781.4,718.47,C,P,D
500000789,27,2015-02-27,26,2015-03-12,,100000006,EUR,2727.24,2291.8,435.44,X,I,I
500000790,29,2015-02-28,33,2015-03-13,,100000008,EUR,530.62,445.9,84.72,C,P,D
500000791,10,2015-02-28,6,2015-03-14,,100000004,EUR,803.25,675,128.25,C,P,D
500000792,26,2015-03-01,20,2015-03-15,,100000002,EUR,178.14,149.7,28.44,N,I,I
500000793,15,2015-03-02,11,2015-03-16,,100000005,EUR,871.55,732.4,139.15,P,P,D
500000794,17,2015-03-03,18,2015-03-17,,100000009,EUR,6543.8,5499,1044.8,P,I,I
500000795,10,2015-03-04,10,2015-03-18,,100000000,EUR,113032.74,94985.5,18047.24,X,I,I
500000796,32,2015-03-05,16,2015-03-19,,100000002,EUR,114.24,96,18.24,C,P,D
500000797,13,2015-03-06,5,2015-03-20,,100000008,EUR,521.22,438,83.22,C,P,D
500000798,26,2015-03-07,19,2015-03-21,,100000006,EUR,411.5,345.8,65.7,C,P,D
500000799,21,2015-03-08,17,2015-03-22,,100000005,EUR,11379.97,9563,1816.97,N,I,I
500000800,22,2015-03-09,9,2015-03-23,,100000026,EUR,26581.03,22337,4244.03,X,I,I
500000801,11,2015-03-10,26,2015-03-24,,100000025,EUR,9417.66,7914,1503.66,X,I,I
500000802,18,2015-03-11,6,2015-03-25,,100000022,EUR,5631.08,4732,899.08,N,I,I
500000803,19,2015-03-12,31,2015-03-26,,100000024,EUR,1405.39,1181,224.39,C,P,D
500000804,11,2015-03-13,22,2015-03-27,,100000024,EUR,761.24,639.7,121.54,P,P,D
500000805,1,2015-03-14,13,2015-03-28,,100000021,EUR,101299.22,85125.4,16173.82,P,I,I
500000806,26,2015-03-15,21,2015-03-29,,100000023,EUR,250.73,210.7,40.03,P,P,I
500000807,10,2015-03-16,16,2015-03-30,,100000019,EUR,10549.35,8865,1684.35,C,P,D
500000808,7,2015-03-17,26,2015-03-31,,100000026,EUR,195.16,164,31.16,X,I,I
500000809,5,2015-03-18,13,2015-04-01,,100000026,EUR,3972.22,3338,634.22,N,I,I
500000810,19,2015-03-19,6,2015-04-02,,100000025,EUR,3598.92,3024.3,574.62,C,P,D
500000811,32,2015-03-20,8,2015-04-03,,100000019,EUR,325.94,273.9,52.04,P,P,D
500000812,33,2015-03-21,1,2015-04-04,,100000022,EUR,24395,20500,3895,P,I,D
500000813,16,2015-03-22,12,2015-04-05,,100000024,EUR,5527.55,4645,882.55,P,I,D
500000814,14,2015-03-23,1,2015-04-06,,100000024,EUR,3459.33,2907,552.33,N,I,I
500000815,28,2015-03-24,26,2015-04-07,,100000021,EUR,852.04,716,136.04,P,P,I
500000816,26,2015-03-25,21,2015-04-08,,100000019,EUR,1916.5,1610.5,306,N,I,I
500000817,12,2015-03-26,23,2015-04-09,,100000022,EUR,178.14,149.7,28.44,P,I,I
500000818,11,2015-03-27,12,2015-04-10,,100000025,EUR,871.55,732.4,139.15,N,I,I
500000819,3,2015-03-28,5,2015-04-11,,100000026,EUR,1028.15,864,164.15,X,I,I
500000820,18,2015-03-29,14,2015-04-12,,100000026,EUR,5523.38,4641.5,881.88,X,I,I
500000821,26,2015-03-30,18,2015-04-13,,100000025,EUR,187.54,157.6,29.94,P,P,D
500000822,23,2015-03-31,5,2015-04-14,,100000024,EUR,521.22,438,83.22,N,I,I
500000823,25,2015-04-01,23,2015-04-15,,100000021,EUR,411.5,345.8,65.7,N,I,I
500000824,12,2015-04-02,12,2015-04-16,,100000022,EUR,11552.52,9708,1844.52,X,I,I
500000825,7,2015-04-03,13,2015-04-17,,100000023,EUR,26581.03,22337,4244.03,P,P,I
500000826,19,2015-04-04,7,2015-04-18,,100000023,EUR,9417.66,7914,1503.66,P,P,D
500000827,24,2015-04-05,26,2015-04-19,,100000023,EUR,5631.08,4732,899.08,P,P,I
500000828,21,2015-04-06,28,2015-04-20,,100000021,EUR,1405.39,1181,224.39,N,I,I
500000829,26,2015-04-07,14,2015-04-21,,100000019,EUR,761.24,639.7,121.54,C,P,D
500000830,16,2015-04-08,10,2015-04-22,,100000024,EUR,101299.22,85125.4,16173.82,N,I,I
500000831,15,2015-04-09,18,2015-04-23,,100000019,EUR,250.73,210.7,40.03,X,I,I
500000832,19,2015-04-10,14,2015-04-24,,100000024,EUR,10549.35,8865,1684.35,X,I,I
500000833,13,2015-04-11,16,2015-04-25,,100000026,EUR,195.16,164,31.16,X,I,I
500000834,32,2015-04-12,33,2015-04-26,,100000026,EUR,107100,90000,17100,P,P,D
500000835,12,2015-04-13,27,2015-04-27,,100000025,EUR,4415.73,3710.7,705.03,P,I,I
500000836,4,2015-04-14,18,2015-04-28,,100000023,EUR,325.94,273.9,52.04,N,I,I
500000837,18,2015-04-15,29,2015-04-29,,100000022,EUR,24220.07,20353,3867.07,P,P,D
500000838,15,2015-04-16,1,2015-04-30,,100000024,EUR,4499.87,3781.4,718.47,N,I,I
500000839,25,2015-04-17,30,2015-05-01,,100000024,EUR,2727.24,2291.8,435.44,X,I,I
500000840,6,2015-04-18,27,2015-05-02,,100000021,EUR,530.62,445.9,84.72,N,I,I
500000841,33,2015-04-19,13,2015-05-03,,100000019,EUR,803.25,675,128.25,P,I,I
500000842,16,2015-04-20,22,2015-05-04,,100000025,EUR,178.14,149.7,28.44,N,I,I
500000843,1,2015-04-21,14,2015-05-05,,100000022,EUR,871.55,732.4,139.15,N,I,I
500000844,4,2015-04-22,28,2015-05-06,,100000026,EUR,6543.8,5499,1044.8,N,I,I
500000845,30,2015-04-23,12,2015-05-07,,100000026,EUR,113032.74,94985.5,18047.24,P,P,I
500000846,19,2015-04-24,13,2015-05-08,,100000025,EUR,114.24,96,18.24,C,P,D
500000847,25,2015-04-25,18,2015-05-09,,100000021,EUR,521.22,438,83.22,X,I,I
500000848,1,2015-04-26,32,2015-05-10,,100000024,EUR,411.5,345.8,65.7,X,I,I
500000849,17,2015-04-27,32,2015-05-11,,100000022,EUR,11379.97,9563,1816.97,C,P,D
500000850,26,2015-04-28,8,2015-05-12,,100000012,EUR,26581.03,22337,4244.03,N,I,I
500000851,29,2015-04-29,30,2015-05-13,,100000011,EUR,9417.66,7914,1503.66,C,P,D
500000852,22,2015-04-30,2,2015-05-14,,100000015,EUR,5631.08,4732,899.08,P,P,I
500000853,8,2015-05-01,9,2015-05-15,,100000013,EUR,1405.39,1181,224.39,X,I,I
500000854,21,2015-05-02,29,2015-05-16,,100000013,EUR,761.24,639.7,121.54,C,P,D
500000855,30,2015-05-03,2,2015-05-17,,100000014,EUR,101299.22,85125.4,16173.82,N,I,I
500000856,10,2015-05-04,27,2015-05-18,,100000016,EUR,250.73,210.7,40.03,P,P,I
500000857,33,2015-05-05,13,2015-05-19,,100000017,EUR,10549.35,8865,1684.35,P,I,I
500000858,33,2015-05-06,25,2015-05-20,,100000018,EUR,195.16,164,31.16,C,P,D
500000859,19,2015-05-07,7,2015-05-21,,100000012,EUR,3972.22,3338,634.22,C,P,D
500000860,13,2015-05-08,21,2015-05-22,,100000011,EUR,3598.92,3024.3,574.62,P,P,D
500000861,29,2015-05-09,7,2015-05-23,,100000017,EUR,325.94,273.9,52.04,C,P,D
500000862,10,2015-05-10,10,2015-05-24,,100000015,EUR,24395,20500,3895,X,I,I
500000863,4,2015-05-11,2,2015-05-25,,100000013,EUR,5527.55,4645,882.55,N,I,I
500000864,18,2015-05-12,3,2015-05-26,,100000013,EUR,3459.33,2907,552.33,P,P,D
500000865,23,2015-05-13,9,2015-05-27,,100000014,EUR,852.04,716,136.04,X,I,I
500000866,30,2015-05-14,10,2015-05-28,,100000017,EUR,1916.5,1610.5,306,P,I,I
500000867,25,2015-05-15,26,2015-05-29,,100000015,EUR,178.14,149.7,28.44,C,P,D
500000868,33,2015-05-16,15,2015-05-30,,100000011,EUR,871.55,732.4,139.15,C,P,D
500000869,4,2015-05-17,28,2015-05-31,,100000018,EUR,1028.15,864,164.15,C,P,D
500000870,33,2015-05-18,15,2015-06-01,,100000012,EUR,5523.38,4641.5,881.88,X,I,I
500000871,23,2015-05-19,14,2015-06-02,,100000011,EUR,187.54,157.6,29.94,X,I,I
500000872,2,2015-05-20,14,2015-06-03,,100000013,EUR,521.22,438,83.22,X,I,I
500000873,21,2015-05-21,15,2015-06-04,,100000014,EUR,411.5,345.8,65.7,X,I,I
500000874,14,2015-05-22,1,2015-06-05,,100000015,EUR,11552.52,9708,1844.52,X,I,I
500000875,22,2015-05-23,6,2015-06-06,,100000016,EUR,26581.03,22337,4244.03,X,I,I
500000876,30,2015-05-24,3,2015-06-07,,100000016,EUR,9417.66,7914,1503.66,P,I,D
500000877,17,2015-05-25,20,2015-06-08,,100000016,EUR,5631.08,4732,899.08,N,I,I
500000878,3,2015-05-26,25,2015-06-09,,100000014,EUR,1405.39,1181,224.39,N,I,I
500000879,24,2015-05-27,16,2015-06-10,,100000017,EUR,761.24,639.7,121.54,C,P,D
500000880,10,2015-05-28,33,2015-06-11,,100000013,EUR,101299.22,85125.4,16173.82,P,I,D
500000881,3,2015-05-29,9,2015-06-12,,100000017,EUR,250.73,210.7,40.03,C,P,D
500000882,32,2015-05-30,7,2015-06-13,,100000013,EUR,10549.35,8865,1684.35,X,I,I
500000883,5,2015-05-31,5,2015-06-14,,100000018,EUR,195.16,164,31.16,P,I,I
500000884,5,2015-06-01,16,2015-06-15,,100000012,EUR,107100,90000,17100,X,I,I
500000885,10,2015-06-02,14,2015-06-16,,100000011,EUR,4415.73,3710.7,705.03,C,P,D
500000886,8,2015-06-03,17,2015-06-17,,100000016,EUR,325.94,273.9,52.04,P,P,D
500000887,32,2015-06-04,28,2015-06-18,,100000015,EUR,24220.07,20353,3867.07,C,P,D
500000888,12,2015-06-05,31,2015-06-19,,100000013,EUR,4499.87,3781.4,718.47,N,I,I
500000889,20,2015-06-06,11,2015-06-20,,100000013,EUR,2727.24,2291.8,435.44,P,P,I
500000890,1,2015-06-07,12,2015-06-21,,100000014,EUR,530.62,445.9,84.72,X,I,I
500000891,2,2015-06-08,12,2015-06-22,,100000017,EUR,803.25,675,128.25,X,I,I
500000892,31,2015-06-09,30,2015-06-23,,100000011,EUR,178.14,149.7,28.44,P,P,D
500000893,21,2015-06-10,28,2015-06-24,,100000015,EUR,871.55,732.4,139.15,C,P,D
500000894,32,2015-06-11,7,2015-06-25,,100000018,EUR,6543.8,5499,1044.8,P,P,D
500000895,27,2015-06-12,13,2015-06-26,,100000012,EUR,113032.74,94985.5,18047.24,N,I,I
500000896,23,2015-06-13,13,2015-06-27,,100000011,EUR,114.24,96,18.24,N,I,I
500000897,2,2015-06-14,11,2015-06-28,,100000014,EUR,521.22,438,83.22,C,P,D
500000898,8,2015-06-15,22,2015-06-29,,100000013,EUR,411.5,345.8,65.7,N,I,I
500000899,32,2015-06-16,30,2015-06-30,,100000015,EUR,11379.97,9563,1816.97,C,P,D
500000900,9,2015-06-17,8,2015-07-01,,100000028,EUR,26581.03,22337,4244.03,P,I,D
500000901,19,2015-06-18,31,2015-07-02,,100000030,EUR,9417.66,7914,1503.66,N,I,I
500000902,1,2015-06-19,10,2015-07-03,,100000031,EUR,5631.08,4732,899.08,N,I,I
500000903,7,2015-06-20,33,2015-07-04,,100000032,EUR,1405.39,1181,224.39,N,I,I
500000904,12,2015-06-21,5,2015-07-05,,100000032,EUR,761.24,639.7,121.54,X,I,I
500000905,18,2015-06-22,28,2015-07-06,,100000033,EUR,101299.22,85125.4,16173.82,C,P,D
500000906,15,2015-06-23,7,2015-07-07,,100000034,EUR,250.73,210.7,40.03,N,I,I
500000907,14,2015-06-24,31,2015-07-08,,100000035,EUR,10549.35,8865,1684.35,P,P,D
500000908,28,2015-06-25,7,2015-07-09,,100000027,EUR,195.16,164,31.16,N,I,I
500000909,4,2015-06-26,23,2015-07-10,,100000028,EUR,3972.22,3338,634.22,N,I,I
500000910,27,2015-06-27,14,2015-07-11,,100000030,EUR,3598.92,3024.3,574.62,N,I,I
500000911,28,2015-06-28,4,2015-07-12,,100000035,EUR,325.94,273.9,52.04,P,I,I
500000912,11,2015-06-29,25,2015-07-13,,100000031,EUR,24395,20500,3895,N,I,I
500000913,32,2015-06-30,3,2015-07-14,,100000032,EUR,5527.55,4645,882.55,X,I,I
500000914,17,2015-07-01,23,2015-07-15,,100000032,EUR,3459.33,2907,552.33,P,P,D
500000915,25,2015-07-02,24,2015-07-16,,100000033,EUR,852.04,716,136.04,C,P,D
500000916,9,2015-07-03,27,2015-07-17,,100000035,EUR,1916.5,1610.5,306,C,P,D
500000917,2,2015-07-04,5,2015-07-18,,100000031,EUR,178.14,149.7,28.44,P,P,D
500000918,28,2015-07-05,14,2015-07-19,,100000030,EUR,871.55,732.4,139.15,P,I,I
500000919,27,2015-07-06,19,2015-07-20,,100000027,EUR,1028.15,864,164.15,C,P,D
500000920,21,2015-07-07,33,2015-07-21,,100000028,EUR,5523.38,4641.5,881.88,X,I,I
500000921,28,2015-07-08,12,2015-07-22,,100000030,EUR,187.54,157.6,29.94,X,I,I
500000922,14,2015-07-09,4,2015-07-23,,100000032,EUR,521.22,438,83.22,N,I,I
500000923,17,2015-07-10,14,2015-07-24,,100000033,EUR,411.5,345.8,65.7,P,I,D
500000924,23,2015-07-11,6,2015-07-25,,100000031,EUR,11552.52,9708,1844.52,X,I,I
500000925,7,2015-07-12,25,2015-07-26,,100000034,EUR,26581.03,22337,4244.03,C,P,D
500000926,8,2015-07-13,30,2015-07-27,,100000034,EUR,9417.66,7914,1503.66,N,I,I
500000927,3,2015-07-14,12,2015-07-28,,100000034,EUR,5631.08,4732,899.08,C,P,D
500000928,10,2015-07-15,28,2015-07-29,,100000033,EUR,1405.39,1181,224.39,N,I,I
500000929,26,2015-07-16,12,2015-07-30,,100000035,EUR,761.24,639.7,121.54,X,I,I
500000930,9,2015-07-17,13,2015-07-31,,100000032,EUR,101299.22,85125.4,16173.82,C,P,D
500000931,22,2015-07-18,28,2015-08-01,,100000035,EUR,250.73,210.7,40.03,C,P,D
500000932,13,2015-07-19,5,2015-08-02,,100000032,EUR,10549.35,8865,1684.35,C,P,D
500000933,3,2015-07-20,30,2015-08-03,,100000027,EUR,195.16,164,31.16,C,P,D
500000934,16,2015-07-21,21,2015-08-04,,100000028,EUR,107100,90000,17100,P,P,I
500000935,32,2015-07-22,19,2015-08-05,,100000030,EUR,4415.73,3710.7,705.03,X,I,I
500000936,24,2015-07-23,12,2015-08-06,,100000034,EUR,325.94,273.9,52.04,N,I,I
500000937,5,2015-07-24,25,2015-08-07,,100000031,EUR,24220.07,20353,3867.07,X,I,I
500000938,14,2015-07-25,15,2015-08-08,,100000032,EUR,4499.87,3781.4,718.47,C,P,D
500000939,2,2015-07-26,28,2015-08-09,,100000032,EUR,2727.24,2291.8,435.44,X,I,I
500000940,31,2015-07-27,25,2015-08-10,,100000033,EUR,530.62,445.9,84.72,X,I,I
500000941,1,2015-07-28,15,2015-08-11,,100000035,EUR,803.25,675,128.25,X,I,I
500000942,21,2015-07-29,32,2015-08-12,,100000030,EUR,178.14,149.7,28.44,P,P,I
500000943,26,2015-07-30,33,2015-08-13,,100000031,EUR,871.55,732.4,139.15,P,I,D
500000944,18,2015-07-31,20,2015-08-14,,100000027,EUR,6543.8,5499,1044.8,C,P,D
500000945,12,2015-08-01,15,2015-08-15,,100000028,EUR,113032.74,94985.5,18047.24,P,P,D
500000946,22,2015-08-02,7,2015-08-16,,100000030,EUR,114.24,96,18.24,P,I,I
500000947,31,2015-08-03,18,2015-08-17,,100000033,EUR,521.22,438,83.22,N,I,I
500000948,4,2015-08-04,19,2015-08-18,,100000032,EUR,411.5,345.8,65.7,X,I,I
500000949,20,2015-08-05,25,2015-08-19,,100000031,EUR,11379.97,9563,1816.97,C,P,D
500000950,32,2015-08-06,17,2015-08-20,,100000044,EUR,26581.03,22337,4244.03,C,P,D
500000951,29,2015-08-07,7,2015-08-21,,100000036,EUR,9417.66,7914,1503.66,X,I,I
500000952,32,2015-08-08,27,2015-08-22,,100000038,EUR,5631.08,4732,899.08,X,I,I
500000953,7,2015-08-09,7,2015-08-23,,100000037,EUR,1405.39,1181,224.39,P,P,I
500000954,24,2015-08-10,32,2015-08-24,,100000037,EUR,761.24,639.7,121.54,N,I,I
500000955,33,2015-08-11,14,2015-08-25,,100000042,EUR,101299.22,85125.4,16173.82,X,I,I
500000956,8,2015-08-12,27,2015-08-26,,100000044,EUR,250.73,210.7,40.03,X,I,I
500000957,8,2015-08-13,7,2015-08-27,,100000041,EUR,10549.35,8865,1684.35,C,P,D
500000958,16,2015-08-14,14,2015-08-28,,100000043,EUR,195.16,164,31.16,C,P,D
500000959,23,2015-08-15,24,2015-08-29,,100000044,EUR,3972.22,3338,634.22,P,I,D
500000960,25,2015-08-16,11,2015-08-30,,100000036,EUR,3598.92,3024.3,574.62,P,I,D
500000961,13,2015-08-17,17,2015-08-31,,100000041,EUR,325.94,273.9,52.04,N,I,I
500000962,31,2015-08-18,7,2015-09-01,,100000038,EUR,24395,20500,3895,P,P,D
500000963,9,2015-08-19,4,2015-09-02,,100000037,EUR,5527.55,4645,882.55,C,P,D
500000964,15,2015-08-20,24,2015-09-03,,100000037,EUR,3459.33,2907,552.33,N,I,I
500000965,20,2015-08-21,25,2015-09-04,,100000042,EUR,852.04,716,136.04,C,P,D
500000966,28,2015-08-22,28,2015-09-05,,100000041,EUR,1916.5,1610.5,306,P,I,I
500000967,22,2015-08-23,23,2015-09-06,,100000038,EUR,178.14,149.7,28.44,C,P,D
500000968,22,2015-08-24,6,2015-09-07,,100000036,EUR,871.55,732.4,139.15,X,I,I
500000969,29,2015-08-25,17,2015-09-08,,100000043,EUR,1028.15,864,164.15,N,I,I
500000970,31,2015-08-26,8,2015-09-09,,100000044,EUR,5523.38,4641.5,881.88,N,I,I
500000971,3,2015-08-27,5,2015-09-10,,100000036,EUR,187.54,157.6,29.94,X,I,I
500000972,32,2015-08-28,22,2015-09-11,,100000037,EUR,521.22,438,83.22,P,P,I
500000973,17,2015-08-29,29,2015-09-12,,100000042,EUR,411.5,345.8,65.7,N,I,I
500000974,21,2015-08-30,28,2015-09-13,,100000038,EUR,11552.52,9708,1844.52,N,I,I
500000975,31,2015-08-31,5,2015-09-14,,100000044,EUR,26581.03,22337,4244.03,P,I,D
500000976,10,2015-09-01,17,2015-09-15,,100000044,EUR,9417.66,7914,1503.66,C,P,D
500000977,16,2015-09-02,23,2015-09-16,,100000044,EUR,5631.08,4732,899.08,P,P,D
500000978,7,2015-09-03,8,2015-09-17,,100000042,EUR,1405.39,1181,224.39,C,P,D
500000979,10,2015-09-04,20,2015-09-18,,100000041,EUR,761.24,639.7,121.54,P,P,I
500000980,1,2015-09-05,10,2015-09-19,,100000037,EUR,101299.22,85125.4,16173.82,P,I,I
500000981,30,2015-09-06,11,2015-09-20,,100000041,EUR,250.73,210.7,40.03,X,I,I
500000982,9,2015-09-07,2,2015-09-21,,100000037,EUR,10549.35,8865,1684.35,X,I,I
500000983,10,2015-09-08,8,2015-09-22,,100000043,EUR,195.16,164,31.16,X,I,I
500000984,26,2015-09-09,21,2015-09-23,,100000044,EUR,107100,90000,17100,X,I,I
500000985,22,2015-09-10,32,2015-09-24,,100000036,EUR,4415.73,3710.7,705.03,N,I,I
500000986,5,2015-09-11,30,2015-09-25,,100000044,EUR,325.94,273.9,52.04,N,I,I
500000987,16,2015-09-12,6,2015-09-26,,100000038,EUR,24220.07,20353,3867.07,C,P,D
500000988,4,2015-09-13,30,2015-09-27,,100000037,EUR,4499.87,3781.4,718.47,N,I,I
500000989,6,2015-09-14,5,2015-09-28,,100000037,EUR,2727.24,2291.8,435.44,C,P,D
500000990,5,2015-09-15,32,2015-09-29,,100000042,EUR,530.62,445.9,84.72,N,I,I
500000991,10,2015-09-16,21,2015-09-30,,100000041,EUR,803.25,675,128.25,X,I,I
500000992,17,2015-09-17,30,2015-10-01,,100000036,EUR,178.14,149.7,28.44,N,I,I
500000993,1,2015-09-18,4,2015-10-02,,100000038,EUR,871.55,732.4,139.15,P,I,D
500000994,26,2015-09-19,4,2015-10-03,,100000043,EUR,6543.8,5499,1044.8,P,P,D
500000995,8,2015-09-20,11,2015-10-04,,100000044,EUR,113032.74,94985.5,18047.24,X,I,I
500000996,5,2015-09-21,33,2015-10-05,,100000036,EUR,114.24,96,18.24,P,I,D
500000997,17,2015-09-22,7,2015-10-06,,100000042,EUR,521.22,438,83.22,P,I,I
500000998,7,2015-09-23,3,2015-10-07,,100000037,EUR,411.5,345.8,65.7,P,I,D
500000999,12,2015-09-24,33,2015-10-08,,100000038,EUR,11379.97,9563,1816.97,N,I,I
500001000,5,2014-09-06,15,2014-09-20,,100000041,EUR,250.73,210.7,40.03,X,I,I
500001001,24,2014-09-07,19,2014-09-21,,100000037,EUR,10549.35,8865,1684.35,X,I,I
500001002,5,2014-09-08,27,2014-09-22,,100000043,EUR,195.16,164,31.16,X,I,I
500001003,24,2014-09-09,33,2014-09-23,,100000044,EUR,107100,90000,17100,X,I,I
500001004,2,2014-09-10,19,2014-09-24,,100000036,EUR,4415.73,3710.7,705.03,N,I,I
500001005,22,2014-09-11,5,2014-09-25,,100000044,EUR,325.94,273.9,52.04,N,I,I
500001006,14,2014-09-12,16,2014-09-26,,100000038,EUR,24220.07,20353,3867.07,C,P,D
500001007,10,2014-09-13,23,2014-09-27,,100000037,EUR,4499.87,3781.4,718.47,N,I,I
500001008,8,2014-09-14,4,2014-09-28,,100000037,EUR,2727.24,2291.8,435.44,C,P,D
500001009,8,2014-09-15,14,2014-09-29,,100000042,EUR,530.62,445.9,84.72,N,I,I
500001010,23,2014-09-15,7,2014-09-29,,100000042,EUR,530.62,445.9,84.72,N,I,I
500001011,19,2014-09-15,6,2014-09-29,,100000042,EUR,530.62,445.9,84.72,N,I,I
500001012,33,2014-09-15,9,2014-09-29,,100000042,EUR,530.62,445.9,84.72,N,I,I
500001013,22,2014-09-11,18,2014-09-25,,100000044,EUR,325.94,273.9,52.04,N,I,I
500001014,32,2014-09-11,33,2014-09-25,,100000044,EUR,325.94,273.9,52.04,N,I,I
500001015,17,2014-09-11,14,2014-09-25,,100000044,EUR,325.94,273.9,52.04,N,I,I
500001016,19,2014-09-11,10,2014-09-25,,100000044,EUR,325.94,273.9,52.04,N,I,I
500001017,19,2014-09-11,1,2014-09-25,,100000044,EUR,325.94,273.9,52.04,N,I,I
500001018,32,2014-09-11,6,2014-09-25,,100000044,EUR,325.94,273.9,52.04,N,I,I
500001019,22,2014-09-11,13,2014-09-25,,100000044,EUR,325.94,273.9,52.04,N,I,I
500001020,29,2014-09-11,1,2014-09-25,,100000044,EUR,325.94,273.9,52.04,N,I,I
500001021,30,2014-09-11,13,2014-09-25,,100000044,EUR,325.94,273.9,52.04,N,I,I
500001022,21,2014-09-11,24,2014-09-25,,100000044,EUR,325.94,273.9,52.04,N,I,I
500001023,27,2014-09-11,19,2014-09-25,,100000044,EUR,325.94,273.9,52.04,N,I,I
500001024,9,2014-09-11,26,2014-09-25,,100000044,EUR,325.94,273.9,52.04,N,I,I
500001025,8,2014-09-11,12,2014-09-25,,100000044,EUR,325.94,273.9,52.04,N,I,I
500001026,24,2014-09-11,14,2014-09-25,,100000044,EUR,325.94,273.9,52.04,N,I,I
500001027,20,2014-09-11,4,2014-09-25,,100000044,EUR,325.94,273.9,52.04,N,I,I
500001028,26,2014-09-11,6,2014-09-25,,100000044,EUR,325.94,273.9,52.04,N,I,I
