{
	"welcomeFile": "index.html",
	"authenticationMethod": "route",
	"logout": {
		"logoutPage": "/logout.html",
		"logoutEndpoint": "/my/logout"
	},
	"websockets": {
		"enabled": true
	},
	"routes": [{
		"source": "/catalog/(.*)",
		"destination": "srv_api",
		"csrfProtection": true,
		"authenticationType": "xsuaa"
	},{
		"source": "/odata/v4/(.*)",
		"destination": "srv_api",
		"csrfProtection": true,
		"authenticationType": "xsuaa",
		"scope": {
			"GET": "$XSAPPNAME.Display",
			"POST": [
				"$XSAPPNAME.Display",
				"$XSAPPNAME.Create"
			],
			"PUT": [
				"$XSAPPNAME.Display",
				"$XSAPPNAME.Create"
			],
			"DELETE": [
				"$XSAPPNAME.Display",
				"$XSAPPNAME.Delete"
			],
			"default": "$XSAPPNAME.Display"
		}

	}, {
		"source": "/node(.*)",
		"destination": "srv_api",
		"csrfProtection": true,
		"authenticationType": "xsuaa",
		"scope": {
			"GET": "$XSAPPNAME.Display",
			"POST": [
				"$XSAPPNAME.Display",
				"$XSAPPNAME.Create"
			],
			"PUT": [
				"$XSAPPNAME.Display",
				"$XSAPPNAME.Create"
			],
			"DELETE": [
				"$XSAPPNAME.Display",
				"$XSAPPNAME.Delete"
			],
			"default": "$XSAPPNAME.Display"
		}

	}, {
		"source": "/sap/bc/lrep(.*)",
		"destination": "srv_api",
		"csrfProtection": true,
		"authenticationType": "xsuaa",
		"scope": {
			"GET": "$XSAPPNAME.Display",
			"POST": [
				"$XSAPPNAME.Display"
			],
			"PUT": [
				"$XSAPPNAME.Display"
			],
			"DELETE": [
				"$XSAPPNAME.Display"
			],
			"default": "$XSAPPNAME.Display"
		}
	}, {
		"source": "(.*)(.xsjs)",
		"destination": "xsjs_api",
		"csrfProtection": true,
		"authenticationType": "xsuaa",
		"scope": {
			"GET": "$XSAPPNAME.Display",
			"POST": [
				"$XSAPPNAME.Display",
				"$XSAPPNAME.Create"
			],
			"PUT": [
				"$XSAPPNAME.Display",
				"$XSAPPNAME.Create"
			],
			"DELETE": [
				"$XSAPPNAME.Display",
				"$XSAPPNAME.Delete"
			],
			"default": "$XSAPPNAME.Display"
		}
	}, {
		"source": "(.*)(.xsodata)",
		"destination": "xsjs_api",
		"authenticationType": "xsuaa",
		"scope": {
			"GET": "$XSAPPNAME.Display",
			"POST": [
				"$XSAPPNAME.Display",
				"$XSAPPNAME.Create"
			],
			"PUT": [
				"$XSAPPNAME.Display",
				"$XSAPPNAME.Create"
			],
			"DELETE": [
				"$XSAPPNAME.Display",
				"$XSAPPNAME.Delete"
			],
			"default": "$XSAPPNAME.Display"
		}
	}, {
		"source": "^/logout.html$",
		"localDir": "resources",
		"authenticationType": "none"
	}, {
		"source": "/(.*)",
		"localDir": "resources",
		"authenticationType": "xsuaa",
		"scope": {
			"GET": "$XSAPPNAME.Display",
			"default": "$XSAPPNAME.Display"
		},
		"replace": {
			"pathSuffixes": [
				"index.html"
			],
			"services": {
				"sapui5_sb": {
					"tag": "ui5"
				}
			}
		}
	}]
}